Time (s),Absolute load,Absolute throttle position 1 (%),Actual equivalence/air to fuel ratio (AFR gas),Ambient air temperature (°F),Engine coolant temperature (°F),Engine RPM,Ignition timing advance (°),Intake air temperature (°F),Intake manifold absolute pressure (kPa),Knock retard (°),Long term fuel trim (%),Manifold air temperature (°F),Short term fuel trim (primary sensor) (%),Vehicle speed (mph)
8.421,0.000,22.0,14.700,82,91,0,0.0,88,101.0,0.00,0.0,87.8,0.0,0
8.503,0.000,22.0,14.700,82,91,0,0.0,88,101.0,0.00,0.0,87.8,0.0,0
8.585,0.000,22.0,14.700,82,91,0,0.0,88,101.0,0.00,0.0,87.8,0.0,0
8.667,0.000,22.0,14.700,82,91,0,0.0,88,101.0,0.00,0.0,87.8,0.0,0
8.750,0.000,22.0,14.700,82,91,0,0.0,88,101.0,0.00,0.0,87.8,0.0,0
8.832,0.000,22.0,14.700,82,91,0,0.0,88,101.0,0.00,0.0,87.8,0.0,0
8.914,0.000,22.0,14.700,82,91,0,0.0,88,101.0,0.00,0.0,87.8,0.0,0
8.997,0.000,22.0,14.700,82,91,0,0.0,88,101.0,0.00,0.0,87.8,0.0,0
9.079,0.000,22.0,14.700,82,91,0,0.0,88,101.0,0.00,0.0,87.8,0.0,0
9.161,0.000,22.0,14.700,82,91,0,0.0,88,101.0,0.00,0.0,87.8,0.0,0
9.243,0.000,22.0,14.700,82,91,0,0.0,88,101.0,0.00,0.0,87.8,0.0,0
9.326,0.000,22.0,14.700,82,91,0,0.0,88,101.0,0.00,0.0,87.8,0.0,0
9.408,0.000,22.0,14.700,82,91,0,0.0,88,101.0,0.00,0.0,87.8,0.0,0
9.490,0.000,22.0,14.700,82,91,0,0.0,88,101.0,0.00,0.0,87.8,0.0,0
9.573,0.000,22.0,14.700,82,91,0,0.0,88,101.0,0.00,0.0,87.8,0.0,0
9.655,0.000,22.0,14.700,82,91,0,0.0,88,101.0,0.00,0.0,87.8,0.0,0
9.737,0.000,22.0,14.700,82,91,0,0.0,88,101.0,0.00,0.0,87.8,0.0,0
9.820,0.000,22.0,14.700,82,91,0,0.0,88,101.0,0.00,0.0,87.8,0.0,0
9.902,0.000,22.0,14.700,82,91,0,0.0,88,101.0,0.00,0.0,87.8,0.0,0
9.984,0.000,22.0,14.700,82,91,0,0.0,88,101.0,0.00,0.0,87.8,0.0,0
10.066,0.000,22.0,14.700,82,91,0,0.0,88,101.0,0.00,0.0,87.8,0.0,0
10.149,0.000,22.0,14.700,82,91,0,0.0,88,101.0,0.00,0.0,87.8,0.0,0
10.231,0.000,22.0,14.700,82,91,0,0.0,88,101.0,0.00,0.0,87.8,0.0,0
10.313,0.000,22.0,14.700,82,91,0,0.0,88,101.0,0.00,0.0,87.8,0.0,0
10.396,0.000,22.0,14.700,82,91,0,0.0,88,101.0,0.00,0.0,87.8,0.0,0
10.478,0.000,22.0,14.700,82,91,0,0.0,88,101.0,0.00,0.0,87.8,0.0,0
10.560,0.000,22.0,14.700,82,91,0,0.0,88,101.0,0.00,0.0,87.8,0.0,0
10.642,0.000,22.0,14.700,82,91,0,0.0,88,101.0,0.00,0.0,87.8,0.0,0
10.725,0.000,22.0,14.700,82,91,0,0.0,88,101.0,0.00,0.0,87.8,0.0,0
10.807,0.000,22.0,14.700,82,91,0,0.0,88,101.0,0.00,0.0,87.8,0.0,0
10.889,0.000,22.0,14.700,82,91,0,0.0,88,101.0,0.00,0.0,87.8,0.0,0
10.972,0.000,22.0,14.700,82,91,0,0.0,88,101.0,0.00,0.0,87.8,0.0,0
11.054,0.000,22.0,14.700,82,91,0,0.0,88,101.0,0.00,0.0,87.8,0.0,0
11.136,0.000,22.0,14.700,82,91,0,0.0,88,101.0,0.00,0.0,87.8,0.0,0
11.218,0.000,22.0,14.700,82,91,0,0.0,88,101.0,0.00,0.0,87.8,0.0,0
11.301,0.000,22.0,14.700,82,91,0,0.0,88,101.0,0.00,0.0,87.8,0.0,0
11.383,0.000,22.0,14.700,82,91,0,0.0,88,101.0,0.00,0.0,87.8,0.0,0
11.465,0.000,22.0,14.700,82,91,0,0.0,88,101.0,0.00,0.0,87.8,0.0,0
11.548,0.000,22.0,14.700,82,91,0,0.0,88,101.0,0.00,0.0,87.8,0.0,0
11.630,0.000,22.0,14.700,82,91,0,0.0,88,101.0,0.00,0.0,87.8,0.0,0
11.712,0.000,22.0,14.700,82,91,0,0.0,88,101.0,0.00,0.0,87.8,0.0,0
11.794,0.000,22.0,14.700,82,91,0,0.0,88,101.0,0.00,0.0,87.8,0.0,0
11.877,0.000,22.0,14.700,82,91,0,0.0,88,101.0,0.00,0.0,87.8,0.0,0
11.959,0.000,22.0,14.700,82,91,0,0.0,88,101.0,0.00,0.0,87.8,0.0,0
12.041,0.000,22.0,14.700,82,91,0,0.0,88,101.0,0.00,0.0,87.8,0.0,0
12.124,0.000,22.0,14.700,82,91,0,0.0,88,101.0,0.00,0.0,87.8,0.0,0
12.206,0.000,22.0,14.700,82,91,0,0.0,88,101.0,0.00,0.0,87.8,0.0,0
12.288,0.000,22.0,14.700,82,91,0,0.0,88,101.0,0.00,0.0,87.8,0.0,0
12.370,0.000,22.0,14.700,82,91,0,0.0,88,101.0,0.00,0.0,87.8,0.0,0
12.453,0.000,22.0,14.700,82,91,0,0.0,88,101.0,0.00,0.0,87.8,0.0,0
12.535,0.000,22.0,14.700,82,91,0,0.0,88,101.0,0.00,0.0,87.8,0.0,0
12.617,0.000,22.0,14.700,82,91,0,0.0,88,101.0,0.00,0.0,87.8,0.0,0
12.700,0.000,22.0,14.700,82,91,0,0.0,88,101.0,0.00,0.0,87.8,0.0,0
12.782,0.000,22.0,14.700,82,91,0,0.0,88,101.0,0.00,0.0,87.8,0.0,0
12.864,0.000,22.0,14.700,82,91,0,0.0,88,101.0,0.00,0.0,87.8,0.0,0
12.946,0.000,22.0,14.700,82,91,0,0.0,88,101.0,0.00,0.0,87.8,0.0,0
13.029,0.000,22.0,14.700,82,91,0,0.0,88,101.0,0.00,0.0,87.8,0.0,0
13.111,0.000,22.0,14.700,82,91,0,0.0,88,101.0,0.00,0.0,87.8,0.0,0
13.193,0.000,22.0,14.700,82,91,0,0.0,88,101.0,0.00,0.0,87.8,0.0,0
13.276,0.000,22.0,14.700,82,91,0,0.0,88,101.0,0.00,0.0,87.8,0.0,0
13.358,0.000,22.0,14.700,82,91,0,0.0,88,101.0,0.00,0.0,87.8,0.0,0
13.440,0.000,22.0,14.700,82,91,0,0.0,88,101.0,0.00,0.0,87.8,0.0,0
13.523,0.000,22.0,14.700,82,91,0,0.0,88,101.0,0.00,0.0,87.8,0.0,0
13.605,0.000,22.0,14.700,82,91,0,0.0,88,101.0,0.00,0.0,87.8,0.0,0
13.687,0.000,22.0,14.700,82,91,0,0.0,88,101.0,0.00,0.0,87.8,0.0,0
13.769,0.000,22.0,14.700,82,91,0,0.0,88,101.0,0.00,0.0,87.8,0.0,0
13.852,0.000,22.0,14.700,82,91,0,0.0,88,101.0,0.00,0.0,87.8,0.0,0
13.934,0.000,22.0,14.700,82,91,0,0.0,88,101.0,0.00,0.0,87.8,0.0,0
14.016,0.000,22.0,14.700,82,91,0,0.0,88,101.0,0.00,0.0,87.8,0.0,0
14.099,0.000,22.0,14.700,82,91,0,0.0,88,101.0,0.00,0.0,87.8,0.0,0
14.181,0.000,22.0,14.700,82,91,0,0.0,88,101.0,0.00,0.0,87.8,0.0,0
14.263,0.000,22.0,14.700,82,91,0,0.0,88,101.0,0.00,0.0,87.8,0.0,0
14.345,0.000,22.0,14.700,82,91,0,0.0,88,101.0,0.00,0.0,87.8,0.0,0
14.428,0.000,22.0,14.700,82,91,0,0.0,88,101.0,0.00,0.0,87.8,0.0,0
14.510,0.000,22.0,14.700,82,91,0,0.0,88,101.0,0.00,0.0,87.8,0.0,0
14.592,0.000,22.0,14.700,82,91,0,0.0,88,101.0,0.00,0.0,87.8,0.0,0
14.675,0.000,22.0,14.700,82,91,0,0.0,88,101.0,0.00,0.0,87.8,0.0,0
14.757,0.000,22.0,14.700,82,91,0,0.0,88,101.0,0.00,0.0,87.8,0.0,0
14.839,0.000,22.0,14.700,82,91,0,0.0,88,101.0,0.00,0.0,87.8,0.0,0
14.921,0.000,22.0,14.700,82,91,0,0.0,88,101.0,0.00,0.0,87.8,0.0,0
15.004,0.000,22.0,14.700,82,91,0,0.0,88,101.0,0.00,0.0,87.8,0.0,0
15.086,0.000,22.0,14.700,82,91,0,0.0,88,101.0,0.00,0.0,87.8,0.0,0
15.168,0.000,22.0,14.700,82,91,0,0.0,88,101.0,0.00,0.0,87.8,0.0,0
15.251,0.068,22.0,14.700,82,91,0,0.0,88,99.8,0.00,0.0,87.8,0.0,0
15.333,0.437,22.0,14.700,82,91,209,0.0,88,100.4,0.00,0.0,87.8,0.0,0
15.415,0.553,22.0,14.700,82,91,252,0.0,88,100.0,0.00,0.0,87.8,0.0,0
15.497,0.672,22.0,14.700,82,91,210,0.0,88,100.9,0.00,0.0,87.8,0.0,0
15.580,0.737,22.0,14.700,82,91,215,0.0,88,100.4,0.00,0.0,87.8,0.0,0
15.662,0.737,22.0,14.700,82,91,228,0.0,88,101.1,0.00,0.0,87.8,0.0,0
15.744,0.737,22.0,14.700,82,91,228,0.0,88,100.6,0.00,0.0,87.8,0.0,0
15.827,0.737,22.0,14.700,82,91,231,0.0,88,101.0,0.00,0.0,87.8,0.0,0
15.909,0.737,22.0,14.700,82,91,232,0.0,88,98.6,0.00,0.0,87.8,0.0,0
15.991,0.734,23.7,14.700,82,91,415,0.0,88,95.9,0.00,5.4,87.8,0.0,0
16.073,0.717,24.7,14.700,82,91,999,0.0,88,94.5,0.00,-10.2,87.8,0.0,0
16.156,0.733,23.5,14.700,82,91,1560,7.5,88,90.7,0.00,-10.2,87.8,0.0,0
16.238,0.661,14.4,14.700,82,91,1755,-6.4,88,75.7,0.00,-10.2,87.8,0.0,0
16.320,0.552,13.7,14.700,82,91,1681,-12.3,88,58.2,0.00,-10.2,87.8,0.0,0
16.403,0.495,17.2,14.700,82,91,1586,-9.0,88,52.3,0.00,-10.2,87.8,0.0,0
16.485,0.459,19.1,14.700,82,91,1516,-5.0,88,55.1,0.00,-10.2,87.8,0.0,0
16.567,0.475,18.6,14.700,82,91,1498,-5.5,88,57.7,0.00,-10.2,87.8,0.0,0
16.649,0.496,19.7,14.700,82,91,1463,-7.1,88,58.0,0.00,-10.2,87.8,0.0,0
16.732,0.546,20.5,14.700,82,91,1447,-9.0,88,64.0,0.00,-10.2,87.8,0.0,0
16.814,0.593,19.1,14.700,82,91,1397,-9.6,88,63.0,0.00,-10.2,87.8,0.0,0
16.896,0.611,18.8,14.700,82,91,1382,-9.7,88,63.1,0.00,-10.2,87.8,0.0,0
16.979,0.616,18.8,14.700,82,91,1374,-9.1,88,64.0,0.00,-10.2,87.8,0.0,0
17.061,0.611,18.8,14.700,82,91,1402,-9.0,88,64.0,0.00,-10.2,87.8,0.0,0
17.143,0.613,19.6,14.700,82,91,1430,-9.5,88,64.0,0.00,-10.2,87.8,0.0,0
17.226,0.634,19.0,14.700,82,91,1423,-9.7,88,63.3,0.00,-10.2,87.8,0.0,0
17.308,0.640,17.7,14.700,82,91,1403,-10.5,87,61.4,0.00,-10.2,87.3,0.0,0
17.390,0.613,18.2,14.700,82,91,1439,-10.0,87,60.0,0.00,-10.2,86.9,0.0,0
17.472,0.595,18.4,14.700,82,91,1465,-9.9,87,60.0,0.00,-10.2,86.5,0.0,0
17.555,0.585,18.8,14.700,82,91,1470,-10.0,87,61.4,0.00,-10.2,86.0,0.0,0
17.637,0.585,19.2,14.700,82,91,1450,-10.0,86,60.2,0.00,-10.2,86.0,0.0,0
17.719,0.592,19.0,14.700,82,91,1435,-10.0,86,62.4,0.00,-10.2,86.0,0.0,0
17.802,0.605,18.8,14.700,82,91,1428,-10.5,86,63.0,0.00,-10.2,86.0,0.0,0
17.884,0.609,18.8,14.700,82,91,1437,-10.2,86,63.0,0.00,-10.2,86.0,0.0,0
17.966,0.613,18.8,14.700,82,91,1451,-9.9,86,63.0,0.00,-10.2,86.0,0.0,0
18.048,0.613,17.6,14.700,82,91,1426,-11.3,86,62.0,0.00,-10.2,86.0,0.0,0
18.131,0.597,17.8,14.700,82,91,1452,-10.0,86,58.0,0.00,-10.2,86.0,0.0,0
18.213,0.573,18.3,14.700,82,91,1480,-10.0,86,58.9,0.00,-10.2,86.0,0.0,0
18.295,0.573,18.4,14.700,82,91,1487,-10.5,86,59.6,0.00,-10.2,85.7,0.0,0
18.378,0.576,18.4,14.700,82,91,1462,-10.0,86,58.4,0.00,-10.2,85.3,0.0,0
18.460,0.576,18.4,14.700,82,91,1460,-10.1,86,58.0,0.00,-10.2,84.9,0.0,0
18.542,0.576,18.4,14.700,82,91,1476,-10.5,85,59.9,0.00,-10.2,84.5,0.0,0
18.624,0.582,18.4,14.700,82,91,1457,-10.5,85,59.1,0.00,-10.2,84.2,0.0,0
18.707,0.578,18.0,14.700,82,91,1455,-10.2,85,58.9,0.00,-10.2,84.2,0.0,0
18.789,0.568,18.0,14.700,82,91,1483,-10.3,84,57.9,0.00,-10.2,84.2,0.0,0
18.871,0.551,18.1,14.700,82,91,1491,-10.1,84,57.1,0.00,-10.2,84.2,0.0,0
18.954,0.547,18.4,14.700,82,91,1496,-9.7,84,56.3,0.00,-10.2,84.2,0.0,0
19.036,0.558,18.4,14.700,82,91,1484,-10.4,84,57.5,0.00,-10.2,84.2,0.0,0
19.118,0.569,18.4,14.700,82,91,1481,-10.9,84,59.4,0.00,-10.2,84.2,0.0,0
19.200,0.574,17.8,14.700,82,91,1481,-11.3,84,58.9,0.00,-10.2,84.2,0.0,0
19.283,0.558,17.0,14.700,82,91,1474,-10.8,84,54.9,0.00,-10.2,84.2,0.0,0
19.365,0.534,17.8,14.700,82,91,1494,-9.5,84,53.0,0.00,-10.2,84.2,0.0,0
19.447,0.529,18.4,14.700,82,91,1500,-9.3,84,54.7,0.00,-10.2,84.2,0.0,0
19.530,0.546,18.4,14.700,82,91,1516,-10.3,84,57.0,0.00,-10.2,84.2,0.0,0
19.612,0.559,16.5,14.700,82,91,1520,-12.5,84,55.2,0.00,-10.2,84.2,0.0,0
19.694,0.532,16.7,14.700,82,91,1504,-11.1,84,51.6,0.00,-10.2,84.2,0.0,0
19.776,0.507,17.6,14.700,82,91,1522,-9.0,84,51.1,0.00,-10.2,84.2,0.0,0
19.859,0.504,17.5,14.700,82,91,1521,-9.2,84,53.0,0.00,-10.2,84.2,0.0,0
19.941,0.495,17.0,14.700,82,91,1519,-9.5,84,51.0,0.00,-10.2,84.2,0.0,0
20.023,0.483,17.6,14.700,82,91,1531,-9.0,84,51.9,0.00,-10.2,84.2,0.0,0
20.106,0.478,17.6,14.700,82,91,1519,-8.3,84,50.2,0.00,-10.2,84.2,0.0,0
20.188,0.476,17.4,14.700,82,91,1522,-8.0,84,52.6,0.00,-10.2,84.2,0.0,0
20.270,0.475,16.9,14.700,82,91,1524,-7.7,84,50.6,0.00,-10.2,84.2,0.0,0
20.352,0.457,17.1,14.700,82,91,1515,-7.0,84,49.2,0.00,-10.2,84.2,0.0,0
20.435,0.463,17.6,14.700,82,91,1502,-7.2,84,50.0,0.00,-10.2,84.2,0.0,0
20.517,0.468,17.2,14.700,82,91,1527,-8.0,84,51.8,0.00,-10.2,84.2,0.0,0
20.599,0.455,16.6,14.700,82,91,1521,-7.6,84,50.2,0.00,-10.2,84.2,0.0,0
20.682,0.435,17.3,14.700,82,91,1532,-6.6,84,47.1,0.00,-10.2,84.2,0.0,0
20.764,0.432,17.2,14.700,82,91,1532,-6.2,84,49.8,0.00,-10.2,84.2,0.0,0
20.846,0.431,16.5,14.700,82,91,1531,-6.5,84,48.0,0.00,-10.2,84.2,0.0,0
20.928,0.419,16.5,14.700,82,91,1528,-6.3,84,47.0,0.00,-10.2,84.2,0.0,0
21.011,0.413,16.9,14.700,82,91,1522,-5.7,84,48.0,0.00,-10.2,84.2,0.0,0
21.093,0.412,16.7,14.700,82,91,1536,-5.5,84,48.0,0.00,-10.2,84.2,0.0,0
21.175,0.400,15.4,14.700,82,91,1522,-5.3,84,43.9,0.00,-10.2,84.2,0.0,0
21.258,0.382,16.1,14.700,82,91,1536,-4.8,84,43.8,0.00,-10.2,84.2,0.0,0
21.340,0.370,15.7,14.700,82,91,1529,-3.8,84,42.4,0.00,-10.2,84.2,0.0,0
21.422,0.344,10.8,14.700,82,91,1526,-1.9,84,37.6,0.00,-10.2,84.2,0.0,0
21.505,0.292,14.8,14.700,82,91,1518,2.0,84,33.3,0.00,-10.2,84.2,0.0,0
21.587,0.264,16.6,14.700,82,91,1525,3.1,84,35.0,0.00,-10.2,84.2,0.0,0
21.669,0.277,15.7,14.700,82,91,1528,1.9,84,34.6,0.00,-10.2,84.2,0.0,0
21.751,0.266,13.9,14.700,82,91,1516,2.4,84,33.1,0.00,-10.2,84.2,0.0,0
21.834,0.264,12.9,14.700,82,91,1510,1.5,84,32.0,0.00,-10.2,84.2,0.0,0
21.916,0.265,12.7,14.700,82,91,1512,1.4,84,32.9,0.00,-10.2,84.2,0.0,0
21.998,0.257,14.1,14.700,82,91,1489,2.5,84,32.0,0.00,-10.2,84.2,0.0,0
22.081,0.262,14.3,14.700,82,91,1499,2.5,84,33.3,0.00,-10.2,84.2,0.0,0
22.163,0.266,14.7,14.700,82,91,1490,1.5,84,33.5,0.00,-10.2,84.2,0.0,0
22.245,0.263,14.9,14.700,82,91,1476,1.4,84,32.7,0.00,-10.2,84.2,0.0,0
22.327,0.266,14.9,14.700,82,91,1467,1.1,84,33.7,0.00,-10.2,84.2,0.0,0
22.410,0.270,14.9,14.700,82,91,1455,1.4,84,33.2,0.00,-10.2,84.2,0.0,0
22.492,0.271,14.9,14.700,82,91,1443,1.5,84,33.7,0.00,-10.2,84.2,0.0,0
22.574,0.271,14.9,14.700,82,91,1435,1.8,84,33.0,0.00,-10.2,84.2,0.0,0
22.657,0.275,15.0,14.700,82,91,1417,1.8,84,33.0,0.00,-10.2,84.2,0.0,0
22.739,0.282,15.3,14.700,82,91,1411,1.3,84,33.8,0.00,-10.2,84.2,0.0,0
22.821,0.289,15.0,14.700,82,91,1400,0.5,84,35.1,0.00,-10.2,84.2,0.0,0
22.903,0.297,14.7,14.700,82,91,1389,0.5,84,35.3,0.00,-10.2,84.2,0.0,0
22.986,0.298,14.5,14.700,82,91,1380,0.5,84,34.9,0.00,-10.2,84.2,0.0,0
23.068,0.294,15.2,14.700,82,91,1369,1.5,84,35.4,0.00,-10.2,84.2,0.0,0
23.150,0.296,15.3,14.700,82,91,1358,1.5,84,36.3,0.00,-10.2,84.2,0.0,0
23.233,0.308,15.3,14.700,82,91,1359,0.3,84,38.3,0.00,-10.2,84.2,0.0,0
23.315,0.318,15.3,14.700,82,91,1365,-0.4,84,39.0,0.00,-10.2,84.2,0.0,0
23.397,0.322,15.3,13.126,82,91,1367,-0.5,84,38.5,0.00,-10.2,84.2,0.0,0
23.479,0.331,15.3,13.207,82,91,1365,-2.0,84,38.9,0.00,-10.2,84.2,0.0,0
23.562,0.342,15.6,13.223,82,91,1358,-2.0,84,39.4,0.00,-10.2,84.2,0.0,0
23.644,0.353,18.4,13.388,82,91,1368,-2.5,84,42.6,0.00,-10.2,84.2,0.0,0
23.726,0.405,16.7,13.248,82,91,1372,-5.3,84,45.1,0.00,-10.2,84.2,0.0,0
23.809,0.430,16.3,13.383,82,91,1369,-7.3,84,46.8,0.00,-10.2,84.2,0.0,0
23.891,0.431,16.2,13.517,82,91,1364,-7.2,84,45.9,0.00,-10.2,84.2,0.0,0
23.973,0.428,16.5,13.552,82,91,1364,-7.0,84,45.0,0.00,-10.2,84.2,0.0,0
24.055,0.424,17.3,13.552,82,91,1351,-6.5,84,46.8,0.00,-10.2,84.2,0.0,0
24.138,0.433,17.6,13.703,82,91,1332,-6.6,84,50.4,0.00,-10.2,84.2,0.0,0
24.220,0.455,17.0,13.958,82,91,1317,-7.6,84,51.0,0.00,-10.2,84.2,0.0,0
24.302,0.472,16.9,14.160,82,91,1318,-8.0,84,51.0,0.00,-10.2,84.2,0.0,0
24.385,0.476,16.9,14.336,82,91,1320,-8.0,84,51.8,0.00,-10.2,84.2,0.5,0
24.467,0.478,17.3,14.518,82,91,1315,-8.0,84,52.0,0.00,-14.1,84.2,4.3,0
24.549,0.484,17.6,14.621,82,91,1309,-8.0,84,53.5,0.00,-15.6,84.2,6.3,0
24.631,0.498,17.3,14.721,82,91,1316,-8.0,84,56.2,0.00,-15.6,84.2,6.3,0
24.714,0.511,17.3,14.815,82,91,1309,-9.1,84,55.5,0.00,-15.6,84.2,6.3,0
24.796,0.521,17.3,14.861,82,91,1309,-9.5,84,56.6,0.00,-15.6,84.2,6.3,0
24.878,0.525,17.6,14.826,82,91,1308,-9.5,84,56.3,0.00,-15.6,84.2,5.4,0
24.961,0.526,18.3,14.560,82,91,1327,-9.5,84,57.1,0.00,-15.6,84.2,4.4,0
25.043,0.536,18.4,14.373,82,91,1353,-10.1,84,59.4,0.00,-15.6,84.2,4.2,0
25.125,0.557,16.1,14.533,82,91,1330,-11.5,84,57.6,0.00,-15.6,84.2,6.2,0
25.208,0.546,17.4,14.663,82,91,1357,-11.1,84,58.3,0.00,-15.6,84.2,6.2,0
25.290,0.533,18.0,14.567,82,91,1363,-10.0,84,57.7,0.00,-15.6,84.2,5.1,0
25.372,0.539,17.6,14.509,82,91,1349,-10.0,84,57.9,0.00,-15.6,84.2,4.7,0
25.454,0.539,17.6,14.585,82,91,1351,-9.9,84,58.9,0.00,-15.6,84.2,5.3,0
25.537,0.543,17.6,14.585,82,91,1373,-9.8,84,59.0,0.00,-15.6,84.2,5.9,0
25.619,0.545,17.6,14.585,82,92,1378,-10.5,84,59.0,0.00,-15.6,84.2,5.8,0
25.701,0.547,17.6,14.585,82,92,1388,-10.6,84,57.3,0.00,-15.6,84.2,5.0,0
25.784,0.545,16.9,14.585,82,92,1401,-10.8,84,55.2,0.00,-15.6,84.2,5.2,0
25.866,0.528,17.3,14.524,82,93,1417,-10.1,84,54.0,0.00,-15.6,84.2,4.0,0
25.948,0.517,17.6,14.414,82,93,1444,-9.7,84,54.0,0.00,-15.6,84.2,3.9,0
26.030,0.514,17.6,14.355,82,93,1429,-10.0,84,54.0,0.00,-15.6,84.2,3.2,0
26.113,0.514,17.6,14.514,82,93,1428,-10.0,84,53.9,0.00,-15.6,84.2,5.3,0
26.195,0.511,17.6,14.585,82,93,1440,-10.0,84,53.6,0.00,-15.6,84.2,5.5,0
26.277,0.513,17.6,14.493,82,93,1440,-10.4,84,55.0,0.00,-15.6,84.2,5.4,0
26.360,0.517,17.6,14.470,82,93,1429,-10.5,84,55.0,0.00,-15.6,84.2,4.7,0
26.442,0.518,17.6,14.380,82,93,1419,-9.8,84,55.3,0.00,-15.6,84.2,4.8,0
26.524,0.508,17.6,14.535,82,93,1409,-9.5,84,56.3,0.00,-15.6,84.2,5.5,0
26.606,0.517,17.6,14.684,82,93,1402,-9.5,84,56.3,0.00,-15.6,84.2,5.5,0
26.689,0.523,17.6,14.772,82,93,1403,-10.0,84,54.1,0.00,-15.6,84.2,5.5,0
26.771,0.530,17.6,14.658,82,93,1406,-10.5,84,57.0,0.00,-15.6,84.2,4.9,0
26.853,0.531,17.3,14.419,82,93,1411,-10.3,84,54.0,0.00,-15.6,84.2,3.5,0
26.936,0.522,17.3,14.223,82,93,1405,-10.0,84,53.0,0.00,-15.6,84.2,3.1,0
27.018,0.512,17.3,14.197,82,93,1401,-9.7,84,53.0,0.00,-15.6,84.2,3.8,0
27.100,0.510,17.8,14.410,82,93,1398,-9.2,84,54.0,0.00,-15.6,84.2,3.2,0
27.182,0.511,18.0,14.585,82,93,1396,-9.4,84,55.0,0.00,-15.6,84.2,3.9,0
27.265,0.522,18.0,14.585,82,93,1394,-9.5,84,57.2,0.00,-15.6,84.2,4.2,0
27.347,0.525,18.0,14.608,82,93,1406,-10.5,84,57.4,0.00,-15.6,84.2,4.0,0
27.429,0.525,18.0,14.696,82,93,1390,-10.5,84,57.0,0.00,-15.6,84.2,3.4,0
27.512,0.527,18.0,14.607,82,93,1382,-10.0,84,58.5,0.00,-15.6,84.2,4.3,0
27.594,0.535,18.0,14.732,82,93,1373,-10.0,84,59.0,0.00,-15.6,84.2,5.2,0
27.676,0.545,17.3,14.773,82,93,1386,-10.2,84,59.0,0.00,-15.6,84.2,5.0,0
27.758,0.540,17.3,14.604,82,93,1393,-10.2,84,57.0,0.00,-15.6,84.2,3.9,0
27.841,0.526,17.6,14.357,82,93,1410,-9.1,84,56.6,0.00,-15.6,84.2,3.1,0
27.923,0.508,18.3,14.279,82,93,1410,-9.0,84,56.3,0.00,-15.6,84.2,3.1,0
28.005,0.523,18.4,14.634,82,93,1381,-9.6,84,58.5,0.00,-15.6,84.2,4.6,0
28.088,0.542,18.0,15.199,82,93,1359,-10.0,84,60.0,0.00,-15.6,84.2,6.6,0
28.170,0.551,17.7,15.254,82,93,1377,-10.2,84,59.1,0.00,-13.4,84.2,4.0,0
28.252,0.553,17.6,14.763,82,93,1386,-10.5,84,59.0,0.00,-12.5,84.2,0.3,0
28.334,0.551,17.6,14.470,82,93,1395,-10.5,84,59.0,0.00,-12.5,84.2,-0.8,0
28.417,0.549,17.6,14.470,82,93,1385,-10.5,84,57.8,0.00,-12.5,84.2,1.6,0
28.499,0.553,17.6,14.470,82,93,1402,-10.5,84,57.4,0.00,-12.5,84.2,2.0,0
28.581,0.557,17.4,14.369,82,93,1406,-10.5,84,57.6,0.00,-12.5,84.2,0.6,0
28.664,0.549,17.3,14.149,82,94,1418,-10.5,84,56.6,0.00,-12.5,84.2,-0.3,0
28.746,0.529,17.5,14.126,82,94,1429,-9.6,84,55.5,0.00,-12.5,84.2,-1.6,0
28.828,0.522,17.9,14.247,82,95,1433,-9.5,84,55.0,0.00,-12.5,84.2,-1.4,0
28.911,0.525,18.0,14.325,82,95,1431,-9.5,84,55.4,0.00,-12.5,84.2,-0.8,0
28.993,0.539,18.0,14.420,82,95,1423,-10.2,84,56.9,0.00,-12.5,84.2,0.5,0
29.075,0.548,17.8,14.470,82,95,1419,-11.0,84,56.1,0.00,-12.5,84.2,0.8,0
29.157,0.536,17.4,14.355,82,95,1425,-10.6,84,57.0,0.00,-12.5,84.2,-0.5,0
29.240,0.525,17.9,14.276,82,95,1425,-9.8,84,56.2,0.00,-12.5,84.2,-1.8,0
29.322,0.527,18.0,14.420,82,95,1411,-9.2,84,55.2,0.00,-12.5,84.2,-1.0,0
29.404,0.535,18.0,14.632,82,95,1397,-10.0,84,57.7,0.00,-12.5,84.2,0.5,0
29.487,0.544,17.9,14.700,82,95,1395,-10.0,84,56.9,0.00,-12.5,84.2,0.1,0
29.569,0.545,17.6,14.542,82,95,1407,-10.0,84,56.2,0.00,-12.5,84.2,-0.8,0
29.651,0.536,17.7,14.292,82,95,1405,-9.8,84,56.9,0.00,-12.5,84.2,-1.4,0
29.733,0.531,18.0,14.192,82,95,1409,-9.6,84,57.8,0.00,-12.5,84.2,-1.6,0
29.816,0.536,18.0,14.416,82,95,1394,-10.0,84,57.4,0.00,-12.5,84.2,-0.8,0
29.898,0.542,18.0,14.705,82,95,1404,-10.0,84,57.5,0.00,-12.5,84.2,-0.2,0
29.980,0.548,17.7,14.784,82,95,1406,-10.7,84,58.0,0.00,-12.5,84.2,-0.8,0
30.063,0.543,17.3,14.671,82,95,1393,-10.8,84,58.0,0.00,-12.5,84.2,-0.8,0
30.145,0.535,17.6,14.482,82,95,1405,-10.5,84,56.3,0.00,-12.5,84.2,-1.1,0
30.227,0.527,17.6,14.556,82,95,1417,-9.9,83,55.6,0.00,-12.5,84.2,-1.5,0
30.309,0.523,17.7,14.636,82,95,1426,-9.7,83,56.9,0.00,-12.5,84.2,-1.0,0
30.392,0.524,17.9,14.763,82,95,1407,-10.0,83,57.6,0.00,-12.5,84.2,-0.2,0
30.474,0.532,18.0,15.034,82,95,1400,-10.0,83,58.0,0.00,-12.5,83.9,0.8,0
30.556,0.542,18.0,15.006,82,95,1409,-10.2,82,58.0,0.00,-12.5,83.5,0.2,0
30.639,0.550,18.0,14.732,82,95,1431,-10.8,82,56.5,0.00,-12.5,83.0,-0.8,0
30.721,0.550,17.4,14.477,82,95,1434,-11.8,82,55.6,0.00,-12.5,82.6,-1.8,0
30.803,0.517,17.0,14.396,82,95,1431,-10.2,82,55.0,0.00,-12.5,82.4,-2.3,0
30.885,0.502,17.7,14.439,82,96,1412,-8.9,82,55.0,0.00,-12.5,82.4,-2.3,0
30.968,0.508,18.4,14.619,82,96,1402,-8.6,82,56.3,0.00,-12.5,82.4,-1.3,0
31.050,0.528,18.2,14.802,82,96,1401,-9.4,82,57.7,0.00,-12.5,82.4,0.3,0
31.132,0.550,17.8,14.815,82,97,1404,-10.6,82,58.9,0.00,-12.5,82.4,1.3,0
31.215,0.549,16.5,14.672,82,97,1428,-11.1,82,56.2,0.00,-12.5,82.4,-0.1,0
31.297,0.521,17.3,14.319,82,97,1433,-9.8,82,55.1,0.00,-12.5,82.4,-1.9,0
31.379,0.506,17.6,14.236,82,97,1439,-9.3,82,54.0,0.00,-13.2,82.4,-1.7,0
31.461,0.510,17.7,14.545,82,97,1412,-9.1,82,55.8,0.00,-13.3,82.4,0.0,0
31.544,0.516,18.0,14.835,82,97,1402,-9.5,82,56.6,0.00,-13.3,82.4,1.1,0
31.626,0.521,18.0,14.913,82,97,1417,-9.5,82,56.7,0.00,-13.3,82.4,1.4,0
31.708,0.522,18.0,14.679,82,97,1441,-9.9,82,56.0,0.00,-13.3,82.4,0.3,0
31.791,0.524,18.0,14.491,82,97,1439,-10.5,82,57.1,0.00,-13.3,82.4,0.0,0
31.873,0.531,17.6,14.551,82,97,1434,-10.5,82,57.5,0.00,-13.3,82.4,0.0,0
31.955,0.522,16.9,14.658,82,97,1423,-10.3,82,55.5,0.00,-13.3,82.4,1.0,0
32.037,0.503,17.5,14.807,82,97,1457,-9.5,82,55.0,0.00,-13.3,82.4,1.6,0
32.120,0.494,17.6,14.700,82,97,1445,-9.5,82,55.0,0.00,-13.3,82.4,0.8,0
32.202,0.494,17.6,14.700,82,97,1421,-9.2,82,55.0,0.00,-13.3,82.4,-0.8,0
32.284,0.496,17.6,14.950,82,97,1408,-8.8,82,55.0,0.00,-13.3,82.4,3.7,0
32.367,0.497,17.7,15.212,82,97,1407,-8.7,82,54.2,0.00,-13.3,82.4,5.0,0
32.449,0.500,17.9,14.991,82,97,1405,-9.5,82,54.5,0.00,-13.3,82.4,3.4,0
32.531,0.518,17.8,14.722,82,97,1409,-10.1,82,54.7,0.00,-13.3,82.4,1.1,0
32.614,0.520,17.3,14.543,82,97,1426,-10.4,82,53.2,0.00,-13.3,82.4,1.8,0
32.696,0.512,17.3,14.444,82,97,1429,-10.0,82,53.6,0.00,-13.3,82.4,1.0,0
32.778,0.506,17.1,14.283,82,97,1429,-10.0,82,53.8,0.00,-13.3,82.4,-0.6,0
32.860,0.499,16.9,14.369,82,97,1426,-9.7,82,53.2,0.00,-13.3,82.5,0.7,0
32.943,0.491,17.1,14.542,82,97,1417,-9.2,83,53.0,0.00,-13.3,82.9,1.6,0
33.025,0.496,17.3,14.657,82,97,1406,-9.3,83,53.0,0.00,-13.3,83.3,1.6,0
33.107,0.493,17.3,14.700,82,97,1399,-9.3,83,54.0,0.00,-13.3,83.8,1.6,0
33.190,0.486,17.6,14.667,82,97,1423,-8.9,83,52.7,0.00,-13.3,84.2,1.6,0
33.272,0.479,17.6,14.594,82,97,1395,-8.6,84,53.1,0.00,-13.3,84.2,1.4,0
33.354,0.493,18.1,14.726,82,98,1347,-8.3,84,55.4,0.00,-13.3,84.2,0.8,0
33.436,0.521,19.2,14.884,82,98,1353,-8.4,84,58.2,0.00,-13.3,84.2,3.0,0
33.519,0.554,17.7,15.038,82,98,1373,-9.8,84,58.2,0.00,-13.3,84.2,3.9,0
33.601,0.564,16.5,14.766,82,99,1395,-10.8,84,57.1,0.00,-13.3,84.2,1.4,0
33.683,0.543,16.5,14.478,82,99,1404,-11.1,84,54.0,0.00,-13.3,84.2,-0.1,0
33.766,0.500,17.5,14.241,82,99,1413,-9.4,84,53.6,0.00,-13.3,84.2,-0.1,0
33.848,0.487,18.3,14.259,82,99,1403,-8.1,84,54.6,0.00,-13.3,84.2,0.8,0
33.930,0.509,17.9,14.515,82,99,1390,-9.5,84,56.0,0.00,-13.3,84.2,1.7,0
34.012,0.522,17.6,14.819,82,99,1395,-9.8,84,56.8,0.00,-13.3,84.2,3.8,0
34.095,0.523,17.6,14.767,82,99,1416,-10.2,84,56.1,0.00,-13.3,84.2,3.3,0
34.177,0.522,17.6,14.476,82,99,1434,-10.6,84,54.5,0.00,-13.3,84.2,0.6,0
34.259,0.519,17.4,14.136,82,99,1430,-11.0,84,54.0,0.00,-13.3,84.2,-0.6,0
34.342,0.509,17.3,14.295,82,99,1425,-10.7,84,54.2,0.00,-13.3,84.2,1.6,0
34.424,0.503,17.3,14.532,82,99,1428,-10.3,84,55.0,0.00,-13.3,84.2,2.2,0
34.506,0.500,17.6,14.739,82,99,1431,-9.9,84,55.8,0.00,-13.3,84.2,2.3,0
34.588,0.498,17.6,14.787,82,99,1436,-9.5,84,55.5,0.00,-13.3,84.2,2.1,0
34.671,0.498,17.5,14.641,82,99,1431,-9.5,84,55.0,0.00,-13.3,84.2,1.6,0
34.753,0.498,17.3,14.701,82,99,1414,-9.3,84,55.0,0.00,-13.3,84.2,2.2,0
34.835,0.495,17.3,14.852,82,99,1425,-9.0,84,52.5,0.00,-13.3,84.2,2.8,0
34.918,0.491,17.6,14.912,82,99,1432,-9.0,84,53.3,0.00,-13.3,84.2,2.4,0
35.000,0.494,17.4,14.818,82,99,1434,-9.4,84,54.0,0.00,-13.3,84.2,1.7,0
35.082,0.494,17.3,14.674,82,99,1432,-9.2,84,54.0,0.00,-13.3,84.2,2.3,0
35.164,0.490,17.3,14.653,82,99,1425,-8.8,84,54.0,0.00,-13.3,84.2,2.8,0
35.247,0.484,17.8,14.809,82,99,1428,-8.0,84,53.5,0.00,-13.3,84.2,2.9,0
35.329,0.490,17.4,14.711,82,99,1427,-9.3,84,53.7,0.00,-13.3,84.2,2.3,0
35.411,0.496,17.0,14.700,82,99,1426,-9.8,84,54.8,0.00,-13.3,84.2,2.3,0
35.494,0.490,17.3,14.653,82,99,1438,-9.6,84,52.3,0.00,-13.3,84.2,2.9,0
35.576,0.485,17.6,14.585,82,100,1455,-8.6,84,52.0,0.00,-13.3,84.2,2.7,0
35.658,0.487,17.4,14.585,82,100,1463,-9.5,84,52.0,0.00,-13.3,84.2,2.3,0
35.740,0.468,17.3,14.585,82,100,1467,-8.4,84,52.0,0.00,-13.3,84.2,2.3,0
35.823,0.462,17.3,14.585,82,100,1473,-7.6,84,52.0,0.00,-13.3,84.2,2.8,0
35.905,0.468,16.9,14.592,82,100,1465,-8.5,84,52.0,0.00,-13.3,84.2,3.1,0
35.987,0.470,16.7,14.687,82,100,1456,-8.9,84,51.7,0.00,-13.3,84.2,3.1,0
36.070,0.463,16.6,14.634,82,100,1449,-8.5,84,51.0,0.00,-13.3,84.2,3.1,0
36.152,0.456,17.2,14.555,82,100,1461,-7.8,84,51.0,0.00,-13.3,84.2,2.7,0
36.234,0.452,17.3,14.472,82,100,1461,-7.1,84,51.5,0.00,-13.3,84.2,2.1,0
36.317,0.458,16.9,14.558,82,100,1459,-7.7,84,51.8,0.00,-13.3,84.2,1.6,0
36.399,0.464,16.5,14.410,82,100,1456,-8.4,84,51.0,0.00,-13.3,84.1,2.2,0
36.481,0.456,16.5,14.241,82,100,1447,-8.5,84,48.7,0.00,-13.3,83.7,1.9,0
36.563,0.444,17.4,14.241,82,100,1446,-6.5,83,49.8,0.00,-13.3,83.4,0.9,0
36.646,0.463,17.2,14.241,82,100,1431,-8.2,83,51.4,0.00,-13.3,83.0,0.2,0
36.728,0.469,16.9,14.414,82,100,1421,-8.5,83,51.4,0.00,-13.3,82.7,0.8,0
36.810,0.466,16.9,14.360,82,100,1428,-8.3,83,49.4,0.00,-13.3,82.4,1.4,0
36.893,0.462,16.9,14.241,82,100,1428,-8.0,82,49.0,0.00,-13.3,82.4,0.8,0
36.975,0.459,16.9,14.241,82,100,1425,-7.6,82,50.4,0.00,-13.3,82.4,0.0,0
37.057,0.451,17.1,14.347,82,100,1416,-7.5,82,51.6,0.00,-13.3,82.4,0.1,0
37.139,0.466,17.1,14.454,82,100,1408,-8.6,82,51.2,0.00,-13.3,82.4,0.8,0
37.222,0.469,16.9,14.470,82,100,1404,-8.8,82,52.0,0.00,-13.3,82.4,0.8,0
37.304,0.468,16.9,14.443,82,100,1401,-8.6,82,51.3,0.00,-13.3,82.4,0.8,0
37.386,0.462,16.9,14.355,82,100,1381,-8.9,82,51.0,0.00,-13.3,82.4,0.8,0
37.469,0.462,17.3,14.365,82,100,1380,-7.6,82,52.6,0.00,-13.3,82.4,0.8,0
37.551,0.480,17.1,14.503,82,101,1384,-8.9,83,54.7,0.00,-13.3,82.6,0.8,0
37.633,0.484,15.9,14.626,82,101,1368,-9.6,83,52.3,0.00,-13.3,82.9,0.8,0
37.715,0.477,17.1,14.675,82,101,1361,-8.4,83,52.7,0.00,-13.3,83.3,0.8,0
37.798,0.472,17.3,14.585,82,102,1372,-7.6,83,53.6,0.00,-13.3,83.6,0.2,0
37.880,0.497,17.8,14.585,82,102,1368,-9.4,84,54.3,0.00,-13.3,84.0,-0.4,0
37.962,0.487,18.3,14.656,82,102,1352,-10.0,84,55.0,0.00,-13.3,84.2,1.2,0
38.045,0.499,17.7,14.868,82,102,1353,-10.0,84,56.5,0.00,-13.3,84.2,2.0,0
38.127,0.522,17.4,15.260,82,102,1356,-10.0,84,55.9,0.00,-13.3,84.2,2.3,0
38.209,0.503,17.3,14.975,82,102,1367,-9.6,84,55.0,0.00,-13.3,84.2,2.1,0
38.291,0.510,17.3,14.666,82,102,1382,-10.0,84,55.0,0.00,-13.3,84.2,0.3,0
38.374,0.514,17.3,14.470,82,102,1384,-10.5,84,55.0,0.00,-13.3,84.2,0.5,0
38.456,0.512,17.3,14.496,82,102,1380,-10.4,84,55.7,0.00,-13.3,84.2,1.2,0
38.538,0.509,17.3,14.590,82,102,1374,-10.0,84,56.0,0.00,-13.3,84.2,1.4,0
38.621,0.504,17.4,14.663,82,102,1368,-9.4,84,55.9,0.00,-13.3,84.2,0.9,0
38.703,0.500,17.6,14.700,82,102,1364,-9.0,84,55.1,0.00,-13.3,84.2,1.3,0
38.785,0.503,17.6,14.808,82,102,1363,-9.2,84,56.6,0.00,-13.3,84.2,2.0,0
38.867,0.511,17.6,15.045,82,102,1360,-10.0,84,57.7,0.00,-13.3,84.2,3.1,0
38.950,0.514,17.6,15.037,82,102,1371,-9.5,84,58.5,0.00,-13.3,84.2,3.9,0
39.032,0.517,17.6,14.952,82,102,1386,-9.9,84,58.8,0.00,-13.3,84.2,3.9,0
39.114,0.515,17.6,14.791,82,102,1404,-10.5,84,58.0,0.00,-13.3,84.2,3.3,0
39.197,0.516,17.3,14.639,82,102,1417,-11.0,84,56.9,0.00,-13.3,84.2,2.5,0
39.279,0.508,16.6,14.759,82,102,1395,-10.2,84,55.0,0.00,-13.3,84.2,3.0,0
39.361,0.502,17.2,14.894,82,102,1400,-9.2,84,54.3,0.00,-13.3,84.2,3.6,0
39.443,0.502,17.3,14.818,82,102,1407,-9.9,84,53.5,0.00,-13.3,84.2,3.4,0
39.526,0.492,17.3,14.625,82,102,1415,-9.6,84,53.3,0.00,-13.3,84.2,2.4,0
39.608,0.481,17.4,14.510,82,102,1423,-8.9,84,54.1,0.00,-13.3,84.2,3.1,0
39.690,0.480,17.6,14.569,82,102,1430,-8.7,84,54.8,0.00,-13.3,84.2,3.1,0
39.773,0.485,17.6,14.775,82,103,1427,-9.1,84,55.0,0.00,-13.3,84.2,3.5,0
39.855,0.488,17.0,15.063,82,103,1431,-9.5,84,55.0,0.00,-13.3,84.2,5.1,0
39.937,0.478,17.2,15.063,82,103,1467,-8.5,84,54.3,0.00,-13.3,84.2,4.4,0
40.019,0.465,16.8,14.577,82,104,1481,-9.0,84,52.5,0.00,-13.3,84.2,2.3,0
40.102,0.456,16.7,14.482,82,104,1478,-8.6,84,50.7,0.00,-13.3,84.2,2.5,0
40.184,0.446,16.9,14.635,82,104,1471,-7.9,84,50.0,0.00,-13.3,84.2,4.6,0
40.266,0.441,16.9,14.647,82,104,1487,-7.5,84,50.0,0.00,-13.3,84.2,5.2,0
40.349,0.436,16.9,14.530,82,104,1499,-7.5,84,50.0,0.00,-13.3,84.2,4.1,0
40.431,0.426,16.0,14.355,82,104,1490,-7.5,84,48.9,0.00,-13.3,84.2,2.8,0
40.513,0.408,16.1,14.355,82,104,1493,-6.8,84,48.0,0.00,-13.3,84.2,2.4,0
40.596,0.398,16.0,14.355,82,104,1508,-6.5,84,47.6,0.00,-13.3,84.2,3.1,0
40.678,0.386,14.3,14.297,82,104,1514,-5.9,84,45.0,0.00,-13.3,84.2,2.5,0
40.760,0.349,11.6,14.280,82,104,1493,-4.0,84,38.9,0.00,-13.3,84.2,1.9,0
40.842,0.302,13.8,14.345,82,104,1482,-1.0,84,37.0,0.00,-13.3,84.2,1.6,0
40.925,0.273,15.2,14.267,82,104,1466,1.3,84,36.0,0.00,-13.3,84.2,1.5,0
41.007,0.269,15.2,14.171,82,104,1440,3.0,84,36.1,0.00,-13.3,84.2,0.1,0
41.089,0.280,15.5,14.243,82,104,1436,2.3,84,36.9,0.00,-13.3,84.2,0.7,0
41.172,0.286,12.8,14.404,82,104,1436,1.2,84,36.0,0.00,-13.3,84.2,2.6,0
41.254,0.285,14.2,14.440,82,104,1446,2.8,84,36.0,0.00,-13.3,84.2,2.3,0
41.336,0.282,14.5,14.360,82,104,1451,1.7,84,35.0,0.00,-13.3,84.2,0.5,0
41.418,0.279,14.5,14.029,82,104,1445,1.9,84,34.9,0.00,-13.3,84.2,-2.2,0
41.501,0.282,14.5,13.742,82,104,1436,1.7,84,35.4,0.00,-13.3,84.2,-3.9,0
41.583,0.282,14.6,13.666,82,104,1427,1.5,84,34.3,0.00,-13.3,84.2,-3.8,0
41.665,0.280,14.9,13.616,82,104,1412,1.9,84,35.7,0.00,-13.3,84.2,-3.4,0
41.748,0.284,15.6,13.573,82,104,1403,2.4,84,37.4,0.00,-13.3,84.2,-3.5,0
41.830,0.301,14.5,13.706,82,104,1400,0.5,84,37.2,0.00,-13.3,84.2,-3.9,0
41.912,0.304,14.5,13.835,82,104,1388,0.5,84,37.0,0.00,-13.3,84.2,-3.3,0
41.994,0.297,14.5,13.852,82,104,1385,0.8,84,35.4,0.00,-13.3,84.2,-4.2,0
42.077,0.294,15.6,13.781,82,104,1378,1.5,84,37.5,0.00,-13.3,84.2,-5.8,0
42.159,0.307,14.9,13.714,82,105,1370,1.2,84,38.1,0.00,-13.3,84.2,-6.9,0
42.241,0.313,14.9,13.760,82,105,1355,0.6,84,38.6,0.00,-13.3,84.2,-5.3,0
42.324,0.313,16.5,13.896,82,106,1346,2.0,84,40.2,0.00,-13.3,84.2,-4.9,0
42.406,0.339,17.6,13.891,82,106,1343,-2.9,84,44.1,0.00,-13.3,84.2,-6.2,0
42.488,0.392,17.0,13.809,82,106,1339,-3.6,84,47.8,0.00,-13.3,84.2,-8.2,0
42.570,0.423,16.9,13.954,82,106,1329,-6.1,84,49.0,0.00,-13.3,84.2,-7.6,0
42.653,0.439,16.9,14.202,82,106,1314,-6.6,84,50.6,0.00,-13.3,84.2,-6.5,0
42.735,0.451,17.5,14.382,82,106,1311,-7.1,84,52.3,0.00,-13.3,84.2,-6.3,0
42.817,0.469,16.9,14.488,82,106,1302,-8.0,84,53.8,0.00,-13.3,84.2,-5.9,0
42.900,0.477,17.2,14.757,82,106,1273,-7.5,84,56.0,0.00,-13.3,84.2,-3.6,0
42.982,0.495,17.8,15.072,82,106,1264,-7.7,84,57.1,0.00,-13.3,84.2,-2.5,0
43.064,0.523,17.3,15.229,82,106,1255,-8.8,84,59.0,0.00,-13.3,84.2,-3.1,0
43.146,0.540,17.6,15.406,82,106,1247,-9.5,84,59.0,0.00,-13.3,84.2,-2.5,0
43.229,0.545,17.6,15.342,82,106,1256,-9.5,84,59.4,0.00,-13.3,84.2,-0.8,0
43.311,0.549,17.6,15.177,82,106,1250,-9.5,84,60.6,0.00,-13.3,84.2,-1.6,0
43.393,0.549,18.1,15.057,82,106,1255,-8.7,84,60.9,0.00,-13.3,84.2,-1.6,0
43.476,0.565,18.3,15.253,82,106,1267,-9.3,84,63.0,0.00,-13.3,84.2,-1.0,0
43.558,0.578,18.0,15.274,82,106,1278,-10.0,84,64.9,0.00,-13.3,84.2,0.9,0
43.640,0.584,17.7,15.235,82,106,1295,-10.5,84,65.9,0.00,-13.3,84.2,1.6,0
43.722,0.586,17.6,15.131,82,106,1322,-10.6,84,64.5,0.00,-13.3,84.2,1.6,0
43.805,0.585,16.5,15.161,82,106,1321,-11.0,84,63.2,0.00,-13.3,84.2,1.6,0
43.887,0.570,17.6,15.336,82,106,1351,-10.6,84,61.4,0.00,-13.3,84.2,2.1,0
43.969,0.556,17.7,15.274,82,106,1390,-10.2,84,61.0,0.00,-13.3,84.2,2.3,0
44.052,0.549,18.0,15.086,82,107,1422,-10.5,84,61.0,0.00,-13.3,84.2,2.3,0
44.134,0.541,18.0,14.815,82,107,1432,-10.5,84,59.5,0.00,-13.3,84.2,2.6,0
44.216,0.542,18.0,14.824,82,107,1440,-10.5,84,59.4,0.00,-13.3,84.2,3.1,0
44.299,0.545,17.3,14.920,82,108,1456,-10.5,84,60.2,0.00,-13.3,84.2,3.3,0
44.381,0.544,16.3,14.805,82,108,1477,-11.9,84,56.0,0.00,-13.3,84.2,3.7,0
44.463,0.502,17.0,14.557,82,108,1502,-10.5,84,53.0,0.00,-13.3,84.2,2.5,0
44.545,0.486,17.0,14.360,82,108,1494,-9.1,84,52.2,0.00,-13.3,84.2,1.6,0
44.628,0.486,17.0,14.549,82,108,1484,-8.6,84,51.4,0.00,-13.3,84.2,1.6,0
44.710,0.473,17.4,14.925,82,108,1491,-8.2,84,52.4,0.00,-13.3,84.2,3.1,0
44.792,0.471,17.6,15.045,82,108,1498,-8.0,84,51.5,0.00,-13.3,84.2,3.1,0
44.875,0.471,17.0,14.840,82,108,1514,-8.3,84,53.4,0.00,-13.3,84.2,1.7,0
44.957,0.457,15.5,14.762,82,108,1503,-8.3,84,49.1,0.00,-13.3,84.2,2.3,0
45.039,0.427,18.2,14.815,82,108,1519,-6.2,84,51.1,0.00,-13.3,84.2,3.1,0
45.121,0.451,15.5,14.589,82,108,1542,-7.1,84,52.0,0.00,-13.3,84.2,3.5,0
45.204,0.446,14.3,14.585,82,108,1543,-7.0,84,46.4,0.00,-13.3,84.2,2.6,0
45.286,0.388,16.2,14.487,82,108,1557,-3.1,84,43.6,0.00,-13.3,84.2,2.8,0
45.368,0.369,14.0,14.042,82,108,1575,-4.0,84,42.1,0.00,-13.3,84.2,-0.4,0
45.451,0.345,10.5,13.694,82,108,1555,-2.6,84,36.5,0.00,-13.3,84.2,-2.2,0
45.533,0.282,15.5,13.880,82,108,1537,3.5,84,34.1,0.00,-13.3,84.2,-0.4,0
45.615,0.282,14.6,14.011,82,108,1506,3.1,84,38.0,0.00,-13.3,84.2,-0.6,0
45.697,0.290,17.6,14.318,82,108,1511,2.5,84,36.3,0.00,-13.3,84.2,3.0,0
45.780,0.291,13.5,14.700,82,108,1517,1.9,84,37.5,0.00,-13.3,84.2,3.3,0
45.862,0.299,14.8,14.618,82,108,1525,-0.2,84,36.5,0.00,-13.3,84.2,0.6,0
45.944,0.285,17.6,14.286,82,108,1528,2.0,84,36.0,0.00,-13.3,84.2,-0.8,0
46.027,0.279,14.0,14.163,82,108,1513,1.9,84,34.5,0.00,-13.3,84.2,-1.2,0
46.109,0.273,13.0,14.241,82,108,1514,1.5,84,34.0,0.00,-13.3,84.2,-1.2,0
46.191,0.273,13.0,14.241,82,108,1503,1.2,84,35.7,0.00,-13.3,84.2,-0.8,0
46.273,0.275,14.8,14.102,82,108,1491,1.7,84,34.0,0.00,-13.3,84.2,-1.5,0
46.356,0.265,13.1,14.063,82,108,1477,2.4,84,33.2,0.00,-13.3,84.2,-2.5,0
46.438,0.261,15.8,14.091,82,108,1461,2.9,84,36.0,0.00,-13.3,84.2,-3.1,0
46.520,0.278,14.5,13.954,82,108,1440,1.8,84,36.0,0.00,-13.3,84.2,-3.1,0
46.603,0.285,15.1,14.034,82,109,1432,2.2,84,35.4,0.00,-13.3,84.2,-2.3,0
46.685,0.289,15.5,14.196,82,109,1428,1.8,84,37.0,0.00,-13.3,84.2,-1.0,0
46.767,0.295,14.2,14.182,82,109,1432,0.5,84,37.0,0.00,-13.3,84.2,-2.7,0
46.849,0.288,15.0,14.061,82,109,1424,1.7,84,36.1,0.00,-13.3,84.2,-3.8,0
46.932,0.280,16.0,13.939,82,109,1420,1.9,84,38.0,0.00,-13.3,84.2,-4.6,0
47.014,0.298,14.9,13.973,82,109,1403,1.0,84,37.2,0.00,-13.3,84.2,-5.4,0
47.096,0.302,15.1,14.298,82,109,1388,1.0,84,37.7,0.00,-13.3,84.2,-2.2,0
47.179,0.294,15.5,14.536,82,109,1400,1.4,84,37.7,0.00,-13.3,84.2,-1.7,0
47.261,0.303,15.1,14.580,82,109,1407,1.0,84,39.0,0.00,-13.3,84.2,-2.6,0
47.343,0.311,14.5,14.446,82,109,1402,0.1,84,37.5,0.00,-13.3,84.2,-3.1,0
47.425,0.301,15.3,14.355,82,109,1395,1.5,84,38.0,0.00,-13.3,84.2,-4.5,0
47.508,0.300,15.3,14.355,82,109,1378,1.5,84,38.7,0.00,-13.3,84.2,-4.2,0
47.590,0.306,15.7,14.422,82,109,1368,1.3,84,39.7,0.00,-13.3,84.2,-3.0,0
47.672,0.323,16.3,14.637,82,109,1366,0.5,84,41.0,0.00,-13.3,84.2,-2.3,0
47.755,0.351,17.3,14.700,82,109,1368,-1.4,84,43.6,0.00,-13.3,84.2,-2.4,0
47.837,0.390,16.9,14.490,82,109,1377,-4.8,84,46.1,0.00,-13.3,84.2,-3.7,0
47.919,0.420,16.5,14.142,82,109,1374,-6.8,84,47.6,0.00,-13.3,84.2,-5.5,0
48.002,0.427,16.1,14.178,82,109,1359,-6.9,84,46.3,0.00,-13.3,84.2,-5.1,0
48.084,0.430,17.2,14.384,82,109,1345,-6.5,84,50.1,0.00,-13.3,84.2,-4.2,0
48.166,0.439,16.6,14.511,82,109,1332,-6.5,84,50.1,0.00,-13.3,84.2,-4.4,0
48.248,0.447,18.0,14.585,82,109,1344,-6.8,84,52.5,0.00,-13.3,84.2,-4.2,0
48.331,0.465,16.9,14.624,82,109,1346,-7.7,84,53.8,0.00,-13.3,84.2,-4.4,0
48.413,0.477,16.9,14.829,82,109,1325,-8.3,84,54.8,0.00,-13.3,84.2,-3.8,0
48.495,0.479,17.6,15.128,82,109,1343,-8.0,84,55.8,0.00,-13.3,84.2,-2.1,0
48.578,0.493,17.0,15.300,82,109,1324,-9.3,84,57.2,0.00,-13.3,84.2,-1.2,0
48.660,0.497,17.1,15.385,82,110,1301,-8.6,84,57.6,0.00,-13.3,84.2,-0.6,0
48.742,0.488,19.3,15.731,82,110,1303,-7.1,84,58.0,0.00,-13.3,84.2,0.8,0
48.824,0.527,18.8,15.591,82,111,1332,-11.0,84,62.7,0.00,-13.3,84.2,1.9,0
48.907,0.560,17.2,15.436,82,111,1344,-11.2,84,62.6,0.00,-13.3,84.2,2.4,0
48.989,0.554,15.9,15.254,82,111,1364,-11.9,84,59.4,0.00,-13.3,84.2,2.4,0
49.071,0.518,16.5,15.130,82,111,1362,-10.7,84,56.4,0.00,-13.3,84.2,0.7,0
49.154,0.499,16.9,15.045,82,111,1368,-9.2,84,55.0,0.00,-13.3,84.2,0.6,0
49.236,0.496,17.6,15.091,82,111,1378,-8.7,84,57.2,0.00,-13.3,84.2,1.8,0
49.318,0.505,17.6,15.238,82,111,1354,-9.1,84,57.1,0.00,-13.3,84.2,2.9,0
49.400,0.516,17.4,15.319,82,111,1383,-10.0,84,57.9,0.00,-13.3,84.2,4.5,0
49.483,0.521,17.6,15.005,82,111,1417,-10.5,84,56.7,0.00,-13.3,84.2,4.4,0
