Time,Engine Load (%),Fuel Pressure (mPa),Accel Pedal Position Sensor 2 (%),VVT Exhaust Desired (deg),Knock retard (deg),Electronic throttle control actual (deg),Absolute Throttle Position (OBD) (%),Fuel pulse width (ms),Electronic throttle control position (%),Ambient Air Temperature (F),Barometric pressure (PSI),Manifold absolute pressure (PSI),Intake Air Temperature (F),Rear O2 fuel trim B1 (%),Actual AFR (AFR),Short fuel trim 2 (%),Vehicle speed (kph),VVT Intake Camshaft position duty 1 (%),Throttle position 2 (%),Mass air flow sensor (V),Fuel pressure (mPa),Engine speed (RPM),Evaporative emission canister purge valve duty (%),Engine coolant temperature (F),Long fuel trim 2 (%),Evaporative Emission Canister Purge Valve duty cycle #2 (%),Intake air temperature (F),Accel Pedal Position Sensor 1 (%),Accelerator pedal position sensor 1 (V),Air fuel ratio (AFR),Ambient Air Temperature 2 (F),Calculated Engine Load (OBD) (%),Electronic throttle control desired (deg),Engine Coolant Temperature S1 (F),Engine Oil Pressure (PSI),Engine load,Equivalence ratio B1 S1 (AFR),Evaporative Purge (%),Fuel Injection amoung (mg/cyl),Fuel Pressure Desired (MPa),Fuel pressure desired (mPa),Ignition timing (deg),Intake Shutter Valve Control Desired #2 (deg),KCS Learning Value (deg),Long fuel trim 1 (%),Manifold Air temperature sensor (V),Mass air flow (g/s),Oil Temperature (F),Short fuel trim 1 (%),Throttle position 1 (%),VVT Exhaust Actual Position (deg),VVT Intake Actual Position (deg),VVT Intake Desired (deg),
0, 0, 0.48, 7.8, 0, 0, 12.94, 22, 0, 14.9, 87.8, 14.79, 14.65, 88, 40, 14.7, 0, 0, 65, 21.96, 1.69, 0.48, 0, 0, 96.8, 0, 0, 89.6, 15.3, 0.76, 14.7, 199.4, 0, 12.9, 96.8, 162.88, 0, 14.7, 0, 0, 1, 12, 0, 12.9, 0, 0, 2.95, 0, 96.78, 0, 21.96, 0, 34.56, 35,
283, 0, 0.49, 7.8, 0, 0, 12.93, 22, 0, 14.9, 87.8, 14.79, 14.65, 88, 40, 14.7, 0, 0, 65, 21.96, 1.68, 0.49, 0, 0, 96.8, 0, 0, 89.6, 15.3, 0.77, 14.7, 199.4, 0, 12.9, 96.8, 162.88, 0, 14.7, 0, 0, 1, 12, 0, 12.9, 0, 0, 2.95, 0, 96.78, 0, 21.96, 0, 34.75, 35,
574, 0, 0.48, 7.8, 0, 0, 12.94, 22, 0, 14.9, 87.8, 14.79, 14.65, 88, 40, 14.7, 0, 0, 35, 21.96, 1.69, 0.48, 0, 0, 96.8, 0, 0, 89.6, 15.3, 0.76, 14.7, 199.4, 0, 12.9, 96.8, 162.88, 0, 14.7, 0, 0, 1, 12, 0, 12.9, 0, 0, 2.95, 0, 96.84, 0, 21.96, 0, 34.56, 35,
864, 0, 0.48, 7.8, 0, 0, 12.92, 22, 0, 14.9, 87.8, 14.79, 14.65, 88, 40, 14.7, 0, 0, 65, 21.96, 1.69, 0.48, 0, 0, 96.8, 0, 0, 89.6, 15.3, 0.76, 14.7, 199.4, 0, 12.9, 96.8, 162.88, 0, 14.7, 0, 0, 1, 12, 0, 12.9, 0, 0, 2.95, 0, 96.84, 0, 21.96, 0, 34.75, 35,
1149, 0, 0.48, 7.8, 0, 0, 12.93, 22, 0, 14.9, 87.8, 14.79, 14.65, 88, 40, 14.7, 0, 0, 35, 21.96, 1.69, 0.48, 0, 0, 96.8, 0, 0, 89.6, 15.3, 0.76, 14.7, 199.4, 0, 12.9, 96.8, 162.88, 0, 14.7, 0, 0, 1, 12, 0, 12.9, 0, 0, 2.95, 0, 96.84, 0, 21.96, 0, 34.56, 35,
1423, 0, 0.47, 7.8, 0, 0, 12.93, 22, 0, 14.9, 87.8, 14.79, 14.65, 88, 40, 14.7, 0, 0, 35, 21.96, 1.69, 0.47, 0, 0, 96.8, 0, 0, 89.6, 15.3, 0.76, 14.7, 199.4, 0, 12.9, 96.8, 162.88, 0, 14.7, 0, 0, 1, 12, 0, 12.9, 0, 0, 2.95, 0, 96.84, 0, 21.96, 0, 34.75, 35,
1709, 0, 0.48, 7.8, 0, 0, 12.96, 22, 0, 14.9, 87.8, 14.79, 14.65, 88, 40, 14.7, 0, 0, 35, 21.96, 1.69, 0.48, 0, 0, 96.8, 0, 0, 89.6, 15.3, 0.76, 14.7, 199.4, 0, 12.9, 96.8, 162.88, 0, 14.7, 0, 0, 1, 12, 0, 12.9, 0, 0, 2.95, 0, 96.84, 0, 21.96, 0, 34.75, 35,
1984, 0, 0.49, 7.8, 0, 0, 12.94, 22, 0, 14.9, 87.8, 14.79, 14.65, 88, 40, 14.7, 0, 0, 35, 21.96, 1.69, 0.49, 0, 0, 96.8, 0, 0, 87.8, 15.3, 0.77, 14.7, 199.4, 0, 12.9, 96.8, 162.88, 0, 14.7, 0, 0, 1, 12, 0, 12.9, 0, 0, 2.95, 0, 96.84, 0, 21.96, 0, 34.75, 35,
2269, 0, 0.48, 7.8, 0, 0, 12.92, 22, 0, 14.9, 87.8, 14.79, 14.65, 88, 40, 14.7, 0, 0, 35, 21.96, 1.69, 0.48, 0, 0, 96.8, 0, 0, 87.8, 15.3, 0.76, 14.7, 199.4, 0, 12.9, 96.8, 162.88, 0, 14.7, 0, 0, 1, 12, 0, 12.9, 0, 0, 2.95, 0, 96.84, 0, 21.96, 0, 34.75, 35,
2559, 0, 0.47, 7.8, 0, 0, 12.92, 22, 0, 14.9, 87.8, 14.79, 14.65, 88, 40, 14.7, 0, 0, 35, 21.96, 1.69, 0.47, 0, 0, 96.8, 0, 0, 87.8, 15.3, 0.76, 14.7, 199.4, 0, 12.9, 96.8, 162.88, 0, 14.7, 0, 0, 1, 12, 0, 12.9, 0, 0, 2.95, 0, 96.78, 0, 21.96, 0, 34.75, 35,
2839, 0, 0.48, 7.8, 0, 0, 12.92, 22, 0, 14.9, 87.8, 14.79, 14.65, 88, 40, 14.7, 0, 0, 35, 21.96, 1.69, 0.48, 0, 0, 96.8, 0, 0, 87.8, 15.3, 0.76, 14.7, 199.4, 0, 12.9, 96.8, 162.88, 0, 14.7, 0, 0, 1, 12, 0, 12.9, 0, 0, 2.95, 0, 96.84, 0, 21.96, 0, 34.75, 35,
3114, 0, 0.47, 7.8, 0, 0, 12.91, 22, 0, 14.9, 87.8, 14.79, 14.65, 88, 40, 14.7, 0, 0, 35, 21.96, 1.69, 0.47, 0, 0, 96.8, 0, 0, 89.6, 15.3, 0.76, 14.7, 199.4, 0, 12.9, 96.8, 162.88, 0, 14.7, 0, 0, 1, 12, 0, 12.9, 0, 0, 2.95, 0, 96.78, 0, 21.96, 0, 34.75, 35,
3394, 0, 0.48, 7.8, 0, 0, 12.93, 22, 0, 14.9, 87.8, 14.79, 14.65, 88, 40, 14.7, 0, 0, 35, 21.96, 1.69, 0.48, 0, 0, 96.8, 0, 0, 89.6, 15.3, 0.76, 14.7, 199.4, 0, 12.9, 96.8, 162.88, 0, 14.7, 0, 0, 1, 12, 0, 12.9, 0, 0, 2.95, 0, 96.84, 0, 21.96, 0, 34.75, 35,
3684, 0, 0.48, 7.8, 0, 0, 12.92, 22, 0, 14.9, 87.8, 14.79, 14.65, 88, 40, 14.7, 0, 0, 35, 21.96, 1.69, 0.48, 0, 0, 96.8, 0, 0, 89.6, 15.3, 0.76, 14.7, 199.4, 0, 12.9, 96.8, 163.02, 0, 14.7, 0, 0, 1, 12, 0, 12.9, 0, 0, 2.95, 0, 96.84, 0, 21.96, 0, 34.75, 35,
3969, 0, 0.48, 7.8, 0, 0, 12.93, 22, 0, 14.9, 87.8, 14.79, 14.65, 88, 40, 14.7, 0, 0, 35, 21.96, 1.69, 0.48, 0, 0, 96.8, 0, 0, 89.6, 15.3, 0.76, 14.7, 199.4, 0, 12.9, 96.8, 162.88, 0, 14.7, 0, 0, 1, 12, 0, 12.9, 0, 0, 2.95, 0, 96.84, 0, 21.96, 0, 34.75, 35,
4254, 0, 0.48, 7.8, 0, 0, 12.94, 22, 0, 14.9, 87.8, 14.79, 14.65, 88, 40, 14.7, 0, 0, 35, 21.96, 1.69, 0.48, 0, 0, 96.8, 0, 0, 89.6, 15.3, 0.76, 14.7, 199.4, 0, 12.9, 96.8, 162.88, 0, 14.7, 0, 0, 1, 12, 0, 12.9, 0, 0, 2.95, 0, 96.84, 0, 21.96, 0, 34.75, 35,
4550, 0, 0.48, 7.8, 0, 0, 12.94, 22, 0, 14.9, 87.8, 14.79, 14.65, 88, 40, 14.7, 0, 0, 35, 21.96, 1.69, 0.48, 0, 0, 96.8, 0, 0, 89.6, 15.3, 0.76, 14.7, 199.4, 0, 12.9, 96.8, 162.88, 0, 14.7, 0, 0, 1, 12, 0, 12.9, 0, 0, 2.95, 0, 96.84, 0, 21.96, 0, 34.75, 35,
4860, 0, 0.48, 7.8, 0, 0, 12.92, 22, 0, 14.9, 87.8, 14.79, 14.65, 88, 40, 14.7, 0, 0, 35, 21.96, 1.69, 0.48, 0, 0, 96.8, 0, 0, 89.6, 15.3, 0.76, 14.7, 199.4, 0, 12.9, 96.8, 162.88, 0, 14.7, 0, 0, 1, 12, 0, 12.9, 0, 0, 2.95, 0, 96.84, 0, 21.96, 0, 34.75, 35,
5147, 0, 0.49, 7.8, 0, 0, 12.93, 22, 0, 14.9, 87.8, 14.79, 14.65, 88, 40, 14.7, 0, 0, 35, 21.96, 1.69, 0.49, 0, 0, 96.8, 0, 0, 89.6, 15.3, 0.76, 14.7, 199.4, 0, 12.9, 96.8, 162.88, 0, 14.7, 0, 0, 1, 12, 0, 12.9, 0, 0, 2.95, 0, 96.84, 0, 21.96, 0, 34.75, 35,
5429, 0, 0.47, 7.8, 0, 0, 12.91, 22, 0, 14.9, 87.8, 14.79, 14.65, 88, 40, 14.7, 0, 0, 35, 21.96, 1.69, 0.47, 0, 0, 96.8, 0, 0, 89.6, 15.3, 0.76, 14.7, 199.4, 0, 12.9, 96.8, 162.88, 0, 14.7, 0, 0, 1, 12, 0, 12.9, 0, 0, 2.95, 0, 96.84, 0, 21.96, 0, 34.75, 35,
5714, 0, 0.47, 7.8, 0, 0, 12.93, 22, 0, 14.9, 87.8, 14.79, 14.65, 88, 40, 14.7, 0, 0, 35, 21.96, 1.69, 0.47, 0, 0, 96.8, 0, 0, 89.6, 15.3, 0.76, 14.7, 199.4, 0, 12.9, 96.8, 162.88, 0, 14.7, 0, 0, 1, 12, 0, 12.9, 0, 0, 2.95, 0, 96.84, 0, 21.96, 0, 34.75, 35,
5986, 0, 0.48, 7.8, 0, 0, 12.92, 22, 0, 14.9, 87.8, 14.79, 14.65, 88, 40, 14.7, 0, 0, 35, 21.96, 1.69, 0.48, 0, 0, 96.8, 0, 0, 89.6, 15.3, 0.77, 14.7, 199.4, 0, 12.9, 96.8, 162.88, 0, 14.7, 0, 0, 1, 12, 0, 12.9, 0, 0, 2.95, 0, 96.84, 0, 21.96, 0, 34.75, 35,
6274, 0, 0.48, 7.8, 0, 0, 12.93, 22, 0, 14.9, 87.8, 14.79, 14.65, 88, 40, 14.7, 0, 0, 35, 21.96, 1.69, 0.48, 0, 0, 96.8, 0, 0, 89.6, 15.3, 0.76, 14.7, 199.4, 0, 12.9, 96.8, 163.02, 0, 14.7, 0, 0, 1, 12, 0, 12.9, 0, 0, 2.95, 0, 96.73, 0, 21.96, 0, 34.75, 35,
6554, 29.41, 3.61, 7.8, 0, 0, 12.92, 22, 0, 14.9, 87.8, 14.79, 14.5, 88, 40, 14.7, 0, 0, 35, 21.96, 1.71, 3.61, 0, 0, 96.8, 0, 0, 89.6, 15.3, 0.76, 14.7, 199.4, 0, 12.9, 96.8, 162.88, 0, 14.7, 0, 0, 1, 12, 0, 12.9, 0, 0, 2.95, 1.04, 96.84, 0, 21.96, 0, 34.75, 35,
6829, 88.24, 9.55, 7.8, 0, 0, 12.95, 22, 0, 14.9, 87.8, 14.79, 14.5, 88, 40, 14.7, 0, 0, 65, 21.96, 1.8, 9.55, 286, 0, 96.8, 0, 0, 89.6, 15.3, 0.76, 14.7, 199.4, 29.4, 12.9, 96.8, 162.88, 72.27, 14.7, 0, 0, 1, 12, 0, 12.9, 0, 0, 2.95, 1.07, 96.84, 0, 21.96, 0, 33.38, 35,
7107, 100, 8.96, 7.8, 0, 0, 12.93, 22, 6.99, 14.9, 87.8, 14.79, 14.5, 88, 40, 14.7, 0, 0, 65, 21.96, 1.98, 8.96, 253, 0, 96.8, 0, 0, 86, 15.3, 0.76, 14.7, 199.4, 100, 12.9, 96.8, 162.88, 71.88, 14.7, 0, 51.12, 1, 10, 0, 12.9, 0, 0, 2.95, 4.23, 96.84, 0, 21.96, 0, 34.5, 35,
7384, 84.71, 7.48, 7.5, 0, 0, 15.99, 22, 5.26, 24.31, 86, 14.79, 13.78, 86, 40, 14.7, 0, 0, 10, 30.59, 2.2, 7.48, 1322, 0, 96.8, 0, 0, 86, 15.3, 0.76, 14.7, 199.4, 100, 23.7, 96.8, 162.88, 75.39, 14.7, 0, 35.83, 1, 10, 10.5, 23.7, 0, 0, 2.95, 19.53, 96.82, 0, 30.59, 0, 34.75, 42.31,
7659, 85.1, 17.14, 7.8, 0, 0, 21.09, 29.8, 5.74, 8.63, 86, 14.79, 12.62, 86, 40, 14.7, 0, 0, 10, 13.73, 2.72, 17.14, 1400, 0, 96.8, 0, 0, 86, 15.3, 0.76, 14.7, 199.4, 88.6, 5.04, 96.8, 162.88, 66.8, 14.7, 0, 32.99, 3, 10, -5, 5.04, 0, 0, 2.95, 18.07, 96.82, 0, 15.29, 0, 44.81, 45,
7944, 54.9, 28.88, 7.5, 0, 0, 10.78, 18.4, 1.72, 25.49, 86, 14.79, 10.88, 86, 40, 14.7, 0, 0, 10, 33.33, 2.43, 28.88, 1569, 0, 96.8, 0, 0, 86, 15.3, 0.76, 14.7, 199.4, 65.9, 14.2, 96.8, 162.88, 57.42, 14.7, 0, 22.52, 3, 28, -15.5, 14.2, 0, 0, 2.95, 12.66, 96.82, 0, 30.98, 0, 52.44, 54.75,
8244, 67.84, 28.6, 7.8, 0, 0, 5.49, 31, 2.34, 17.25, 86, 14.79, 10.44, 86, 40, 14.7, 0, 0, 10, 20.39, 2.95, 28.6, 1581, 0, 96.8, 0, 0, 86, 15.3, 0.76, 14.7, 199.4, 74.9, 6.45, 96.8, 162.88, 48.44, 14.7, 0, 22.92, 3, 28, -18.5, 6.45, 0, 4.69, 2.96, 6.51, 96.82, 0, 19.22, 0, 62.81, 65.19,
8539, 60, 28.5, 7.8, 0, 0, 11.92, 23.5, 1.79, 14.51, 86, 14.79, 11.17, 86, 40, 14.7, 0, 0, 10, 21.57, 2.94, 28.5, 1572, 0, 96.8, 0, 0, 86, 15.3, 0.76, 14.7, 199.4, 54.1, 11.93, 96.8, 162.88, 50, 14.7, 0, 22.31, 3, 28, -22.5, 11.93, 0, 4.69, 2.97, 13.71, 96.82, 0, 21.18, 0, 68.69, 68.88,
8839, 57.65, 28.27, 7.8, 0, 0, 12.38, 21.6, 1.72, 14.12, 86, 14.79, 11.02, 86, 40, 14.7, 0, 0, 10, 21.18, 2.72, 28.27, 1540, 0, 96.8, 0, 0, 86, 15.3, 0.76, 14.7, 199.4, 56.9, 12.3, 96.8, 162.88, 50, 14.7, 0, 21.45, 3, 28, -21, 12.3, 0, 4.69, 2.97, 14.71, 96.82, 0, 21.18, 0, 68.62, 68.88,
9130, 57.25, 28.2, 7.8, 0, 0, 12.18, 21.2, 1.7, 13.73, 84.2, 14.79, 11.46, 84, 40, 14.7, 0, 0, 10, 21.18, 2.71, 28.2, 1507, 0, 96.8, 0, 0, 84.2, 15.3, 0.76, 14.7, 199.4, 57.6, 12.21, 96.8, 162.88, 50, 14.7, 0, 21.33, 3, 28, -22, 12.21, 0, 4.69, 2.98, 15.61, 96.82, 0, 21.18, 0, 68.75, 68.88,
9424, 57.25, 28.24, 7.8, 0, 0, 11.95, 21.2, 1.7, 13.73, 84.2, 14.79, 11.31, 84, 40, 14.7, 0, 0, 10, 20.78, 2.65, 28.24, 1462, 0, 96.8, 0, 0, 84.2, 15.3, 0.76, 14.7, 199.4, 57.6, 12.05, 96.8, 162.88, 50, 14.7, 0, 21.15, 3, 28, -22, 12.05, 0, 4.69, 2.99, 14.72, 96.82, 0, 21.18, 0, 68.81, 68.88,
9707, 58.04, 30.11, 7.8, 0, 0, 11.78, 21.2, 1.7, 13.73, 84.2, 14.79, 11.31, 84, 40, 14.7, 0, 0, 10, 20.78, 2.65, 30.11, 1452, 0, 96.8, 0, 0, 84.2, 15.3, 0.76, 14.7, 199.4, 57.6, 11.83, 96.8, 163.02, 50, 14.7, 0, 21.3, 3, 28, -22, 11.83, 0, 4.69, 2.99, 14.38, 96.8, 0, 20.78, 0, 68.81, 68.88,
10010, 57.65, 30.4, 7.5, 0, 0, 11.7, 20.8, 1.62, 13.73, 82.4, 14.79, 11.46, 82, 40, 14.7, 0, 0, 10, 20.78, 2.68, 30.4, 1410, 0, 96.8, 0, 0, 82.4, 15.3, 0.76, 14.7, 199.4, 57.6, 11.64, 96.8, 162.88, 49.61, 14.7, 0, 21, 3, 30, -20.5, 11.64, 0, 4.69, 2.99, 12.93, 96.8, 0, 20.78, 0, 69.06, 68.88,
10325, 57.65, 29.68, 7.8, 0, 0, 11.69, 20.8, 1.61, 13.33, 82.4, 14.79, 11.46, 82, 40, 14.7, 0, 0, 10, 20.78, 2.67, 29.68, 1416, 0, 96.8, 0, 0, 82.4, 15.3, 0.76, 14.7, 199.4, 57.3, 11.58, 96.8, 162.88, 50, 14.7, 0, 20.81, 3, 30, -21, 11.58, 0, 4.69, 3, 14.31, 96.8, 0, 20.78, 0, 68.94, 68.88,
10640, 57.65, 29.68, 7.8, 0, 0, 11.46, 20.8, 1.61, 13.33, 82.4, 14.79, 11.02, 82, 40, 14.7, 0, 0, 10, 20.78, 2.69, 29.68, 1414, 0, 96.8, 0, 0, 84.2, 15.3, 0.76, 14.7, 199.4, 57.3, 11.54, 96.8, 162.88, 49.61, 14.7, 0, 20.54, 3, 30, -20.5, 11.54, 0, 4.69, 3, 13.51, 96.8, 0, 20.39, 0, 68.56, 68.88,
10944, 57.65, 29.97, 7.8, 0, 0, 11.48, 20.8, 1.59, 13.33, 82.4, 14.79, 11.31, 82, 40, 14.7, 0, 0, 10, 20.39, 2.68, 29.97, 1402, 0, 96.8, 0, 0, 84.2, 15.3, 0.76, 14.7, 199.4, 57.3, 11.49, 96.8, 162.88, 50, 14.7, 0, 20.54, 3, 30, -20.5, 11.49, 0, 4.69, 3, 13.12, 96.8, 0, 20.39, 0, 68.88, 68.88,
11230, 56.86, 29.69, 7.8, 0, 0, 11.74, 20.4, 1.58, 13.33, 82.4, 14.79, 11.31, 82, 40, 14.7, 0, 0, 10, 20.78, 2.67, 29.69, 1406, 0, 96.8, 0, 0, 84.2, 15.3, 0.76, 14.7, 199.4, 57.3, 11.83, 96.8, 163.02, 50, 14.7, 0, 20.36, 3, 30, -21, 11.83, 0, 4.69, 3.01, 14.31, 96.8, 0, 20.78, 0, 68.56, 68.88,
11587, 57.65, 30.02, 7.8, 0, 0, 11.65, 20.8, 1.59, 13.33, 82.4, 14.79, 11.31, 82, 40, 14.7, 0, 0, 10, 20.39, 2.67, 30.02, 1405, 0, 96.8, 0, 0, 84.2, 15.3, 0.76, 14.7, 199.4, 57.3, 11.55, 96.8, 162.88, 50, 14.7, 0, 20.54, 3, 30, -20.5, 11.55, 0, 4.69, 3.01, 13.44, 96.78, 0, 20.78, 0, 68.69, 68.88,
11917, 58.04, 30.19, 7.8, 0, 0, 11.56, 20.4, 1.59, 13.33, 82.4, 14.79, 11.31, 82, 40, 14.7, 0, 0, 10, 20.39, 2.65, 30.19, 1391, 0, 96.8, 0, 0, 84.2, 15.3, 0.76, 14.7, 199.4, 57.3, 11.43, 96.8, 162.88, 50.39, 14.7, 0, 20.66, 3, 30, -20.5, 11.43, 0, 4.69, 3.01, 14.09, 96.78, 0, 20.39, 0, 68.81, 68.88,
12231, 56.86, 30.22, 7.8, 0, 0, 11.61, 20.4, 1.58, 13.73, 82.4, 14.79, 11.6, 82, 40, 14.7, 0, 0, 10, 20.78, 2.61, 30.22, 1394, 0, 96.8, 0, 0, 82.4, 15.3, 0.76, 14.7, 199.4, 58, 11.59, 96.8, 162.88, 49.61, 14.7, 0, 20.32, 3, 30, -20, 11.59, 0, 4.69, 3.02, 12.92, 96.78, 0, 20.78, 0, 69.25, 68.88,
12539, 57.25, 30.25, 7.5, 0, 0, 11.67, 20.8, 1.59, 13.33, 82.4, 14.79, 11.6, 82, 40, 14.7, 0, 0, 10, 20.78, 2.68, 30.25, 1398, 0, 96.8, 0, 0, 82.4, 15.3, 0.76, 14.7, 199.4, 57.6, 11.61, 96.8, 163.02, 50.39, 14.7, 0, 20.48, 3, 30, -20, 11.61, 0, 4.69, 3.02, 13.96, 96.78, 0, 20.78, 0, 68.81, 68.88,
12845, 57.65, 30.16, 7.8, 0, 0, 11.41, 20.4, 1.6, 13.33, 82.4, 14.79, 11.46, 82, 40, 14.7, 0, 0, 10, 20.39, 2.66, 30.16, 1403, 0, 96.8, 0, 0, 82.4, 15.3, 0.76, 14.7, 199.4, 58, 11.39, 96.8, 162.88, 49.61, 14.7, 0, 20.6, 3, 30, -20.5, 11.39, 0, 4.69, 3.02, 13.36, 96.78, 0, 20.39, 0, 68.94, 68.88,
13201, 57.65, 29.69, 7.8, 0, 0, 11.69, 20.8, 1.59, 13.33, 80.6, 14.79, 11.46, 81, 40, 14.7, 0, 0, 10, 20.78, 2.66, 29.69, 1413, 0, 96.8, 0, 0, 80.6, 15.3, 0.76, 14.7, 199.4, 57.3, 11.68, 96.8, 162.88, 50, 14.7, 0, 20.42, 3, 30, -20, 11.68, 0, 4.69, 3.03, 13.55, 96.78, 0, 20.78, 0, 68.94, 68.88,
13510, 57.25, 29.97, 7.8, 0, 0, 11.73, 20.8, 1.59, 13.73, 80.6, 14.79, 11.6, 81, 40, 12.63, 0, 0, 10, 20.78, 2.71, 29.97, 1416, 0, 96.8, 0, 0, 80.6, 15.3, 0.76, 12.4, 199.4, 58, 11.83, 96.8, 162.88, 49.61, 12.66, 0, 20.29, 3, 30, -20, 11.83, 0, 4.69, 3.03, 13.81, 96.76, 0, 20.78, 0, 68.94, 68.88,
13855, 57.65, 29.72, 7.8, 0, 0, 11.59, 20.8, 1.59, 13.73, 80.6, 14.79, 11.46, 81, 40, 12.63, 0, 0, 10, 20.78, 2.66, 29.72, 1435, 0, 98.6, 0, 0, 80.6, 15.3, 0.76, 12.52, 199.4, 57.6, 11.65, 98.6, 162.88, 49.61, 12.53, 0, 20.45, 3, 30, -20.5, 11.65, 0, 4.69, 3.03, 13.83, 96.76, 0, 20.78, 0, 68.62, 68.88,
14165, 57.25, 30.25, 7.8, 0, 0, 11.78, 20.8, 1.55, 13.33, 80.6, 14.79, 11.46, 81, 40, 12.63, 0, 0, 10, 20.78, 2.64, 30.25, 1418, 0, 98.6, 0, 0, 80.6, 15.3, 0.76, 12.63, 199.4, 57.6, 11.74, 98.6, 162.88, 50, 12.66, 0, 20.08, 3, 30, -20.5, 11.74, 0, 4.69, 3.03, 14.5, 96.76, 0, 20.78, 0, 68.94, 68.88,
14506, 57.65, 30.06, 7.5, 0, 0, 11.52, 21.6, 1.52, 14.12, 80.6, 14.79, 11.31, 81, 40, 12.86, 0, 0, 10, 20.78, 2.64, 30.06, 1398, 0, 98.6, 0, 0, 80.6, 15.3, 0.76, 12.98, 199.4, 57.6, 11.48, 98.6, 163.02, 50, 12.91, 0, 19.9, 3, 30, -19.5, 11.48, 0, 4.69, 3.04, 13.17, 96.76, 0, 20.78, 0, 68.62, 68.88,
14824, 61.96, 30.16, 7.8, 0, 0, 13.4, 21.6, 1.55, 14.9, 80.6, 14.79, 12.18, 81, 40, 13.32, 0, 0, 10, 21.96, 2.64, 30.16, 1352, 0, 98.6, 0, 0, 80.6, 15.3, 0.76, 13.21, 199.4, 57.6, 13.42, 98.6, 162.88, 54.69, 13.27, 0, 21.55, 3, 30, -19.5, 13.42, 0, 4.69, 3.04, 15.81, 96.76, 0, 21.96, 0, 68.62, 68.88,
15130, 63.53, 30.18, 7.8, 0, 0, 12.9, 22, 1.6, 14.51, 80.6, 14.79, 12.47, 81, 40, 13.09, 0, 0, 10, 21.57, 2.7, 30.18, 1377, 0, 98.6, 0, 0, 80.6, 15.3, 0.76, 13.09, 199.4, 63.1, 12.75, 98.6, 162.88, 55.08, 13.19, 0, 21.97, 3, 30, -20, 12.75, 0, 4.69, 3.04, 16.46, 96.76, 0, 21.57, 0, 68.94, 68.88,
15446, 62.35, 29.64, 7.8, 0, 0, 12.68, 21.6, 1.57, 15.69, 80.6, 14.79, 12.18, 81, 40, 13.55, 0, 0, 10, 22.35, 2.7, 29.64, 1388, 0, 98.6, 0, 0, 80.6, 15.3, 0.76, 13.55, 199.4, 62.7, 12.73, 98.6, 162.88, 55.08, 13.69, 0, 21.7, 3, 30, -19, 12.73, 0, 4.69, 3.04, 13.9, 96.76, 0, 22.75, 0, 68.62, 68.88,
15750, 65.1, 29.72, 7.8, 0, 0, 13.47, 22.7, 1.59, 15.69, 80.6, 14.79, 12.76, 81, 40, 13.55, 0, 0, 10, 21.96, 2.72, 29.72, 1347, 0, 98.6, 0, 0, 80.6, 15.3, 0.76, 13.55, 199.4, 64.7, 13.35, 98.6, 162.88, 56.25, 13.43, 0, 22.46, 3, 30, -19.5, 13.35, 0, 4.69, 3.04, 14.43, 96.75, 0, 21.96, 0, 68.69, 68.88,
16046, 65.1, 30.19, 7.8, 0, 0, 15.57, 22.4, 1.57, 16.08, 80.6, 14.79, 13.49, 81, 40, 13.9, 0, 0, 10, 22.75, 2.68, 30.19, 1354, 0, 98.6, 0, 0, 80.6, 15.3, 0.76, 13.78, 199.4, 64.7, 16.86, 98.6, 162.88, 59.38, 13.92, 0, 23.04, 3, 30, -20.5, 16.86, 0, 4.69, 3.04, 15.65, 96.75, 0, 23.14, 0, 68.81, 68.88,
16377, 66.67, 29.98, 7.8, 0, 0, 15.03, 22.7, 1.59, 16.47, 80.6, 14.79, 13.49, 81, 40, 13.9, 0, 0, 10, 22.75, 2.72, 29.98, 1375, 0, 98.6, 0, 0, 80.6, 15.3, 0.76, 13.78, 199.4, 68.2, 15.15, 98.6, 163.02, 59.77, 13.98, 0, 23.28, 3, 30, -20.5, 15.15, 0, 4.69, 3.04, 17.22, 96.75, 0, 23.92, 0, 68.62, 68.88,
16698, 67.06, 29.97, 7.8, 0, 0, 14.39, 23.1, 1.58, 17.65, 80.6, 14.79, 13.49, 81, 40, 14.13, 0, 0, 10, 24.31, 2.76, 29.97, 1393, 0, 98.6, 0, 0, 80.6, 15.3, 0.76, 14.13, 199.4, 68.6, 15.41, 98.6, 162.88, 60.16, 14.32, 0, 23.41, 3, 30, -20, 15.41, 0, 0, 3.05, 17.58, 96.75, 1.56, 24.31, 0, 68.75, 68.88,
17021, 70.59, 30.18, 7.8, 0, 0, 14.89, 24.3, 1.67, 17.65, 78.8, 14.79, 13.2, 79, 40, 14.47, 0, 0, 10, 23.92, 2.79, 30.18, 1384, 0, 98.6, 0, 0, 78.8, 15.3, 0.76, 14.47, 199.4, 70.2, 14.73, 98.6, 162.88, 60.16, 14.19, 0, 24.17, 3, 30, -19.5, 14.73, 0, 0, 3.05, 15.68, 96.75, 1.56, 23.92, 0, 68.5, 68.88,
17326, 70.2, 30.29, 7.8, 0, 0, 14.9, 23.9, 1.62, 18.43, 78.8, 14.79, 13.2, 79, 40, 14.24, 0, 0, 10, 24.31, 2.8, 30.29, 1386, 0, 98.6, 0, 0, 78.8, 15.3, 0.76, 14.13, 199.4, 70.2, 14.87, 98.6, 162.88, 60.55, 14.4, 0, 24.11, 3, 30, -19, 14.87, 0, -10.94, 3.05, 16.24, 96.75, 8.59, 23.53, 0, 69.12, 68.88,
17620, 73.33, 30.22, 7.8, 0, 0, 16.09, 25.1, 1.7, 16.47, 78.8, 14.79, 14.07, 79, 40, 14.47, 0, 0, 10, 23.14, 2.73, 30.22, 1374, 0, 98.6, 0, 0, 78.8, 15.3, 0.76, 14.24, 199.4, 69.4, 15.88, 100.4, 162.88, 64.45, 14.27, 0, 25.3, 3, 30, -20.5, 15.88, 0, -10.94, 3.05, 17.02, 96.75, 10.94, 24.31, 0, 68.56, 68.88,
17907, 71.37, 30.18, 7.8, 0, 0, 15.66, 23.1, 1.62, 15.29, 78.8, 14.79, 13.63, 79, 40, 14.01, 0, 0, 10, 25.88, 2.76, 30.18, 1386, 0, 100.4, 0, 0, 78.8, 15.3, 0.76, 14.24, 199.4, 73.7, 15.48, 100.4, 162.88, 64.06, 14.07, 0, 24.75, 3, 30, -19.5, 15.48, 0, -10.94, 3.05, 20.51, 96.75, 7.03, 25.88, 0, 68.94, 68.88,
18196, 69.41, 29.74, 7.8, 0, 0, 13.46, 21.6, 1.62, 18.82, 78.8, 14.79, 12.76, 79, 40, 13.55, 0, 0, 10, 25.1, 2.82, 29.74, 1402, 0, 100.4, 0, 0, 78.8, 15.3, 0.76, 13.55, 199.4, 77.6, 13.79, 100.4, 162.88, 60.16, 14.38, 0, 23.96, 3, 30, -18, 13.79, 0, -10.94, 3.05, 15.48, 96.75, 2.34, 23.53, 0, 68.88, 68.88,
18526, 74.9, 30.25, 7.8, 0, 0, 15.54, 24.7, 1.66, 22.75, 78.8, 14.79, 13.63, 79, 40, 13.9, 0, 0, 10, 24.31, 2.76, 30.25, 1355, 0, 100.4, 0, 0, 80.6, 15.3, 0.76, 13.9, 199.4, 72.2, 15.24, 100.4, 162.88, 64.06, 14.31, 0, 25.76, 3, 30, -18, 15.24, 0, -10.94, 3.06, 17.19, 96.75, 0.78, 23.92, 0, 68.81, 68.88,
18851, 84.71, 30.14, 7.5, 0, 0, 17.37, 27.1, 1.8, 13.33, 78.8, 14.79, 13.34, 79, 40, 14.24, 0, 0, 10, 18.82, 2.89, 30.14, 1448, 0, 100.4, 0, 0, 80.6, 15.3, 0.76, 14.24, 199.4, 74.5, 12.47, 100.4, 162.88, 66.02, 12.65, 0, 28.44, 3, 30, -23, 12.47, 0, -10.94, 3.06, 16.24, 96.75, -1.56, 18.43, 0, 68.56, 68.88,
19150, 68.24, 29.59, 7.8, 0, 0, 17.38, 20.8, 1.54, 9.41, 78.8, 14.79, 14.21, 79, 40, 14.13, 0, 0, 10, 20.39, 2.57, 29.59, 1442, 0, 100.4, 0, 0, 78.8, 15.3, 0.76, 14.13, 199.4, 67.5, 18.59, 100.4, 162.88, 68.75, 14.33, 0, 25.91, 3, 30, -21.5, 18.59, 0, -10.94, 3.06, 19.92, 96.75, -1.56, 25.1, 0, 69.31, 68.88,
19457, 65.49, 30.11, 7.8, 0, 0, 14.9, 18.4, 1.42, 18.43, 78.8, 14.79, 13.49, 79, 40, 14.13, 0, 0, 10, 25.88, 2.47, 30.11, 1406, 0, 100.4, 0, 0, 78.8, 15.3, 0.76, 14.13, 199.4, 77.3, 16.02, 100.4, 163.02, 64.84, 14.43, 0, 24.2, 3, 30, -15, 16.02, 0, -10.94, 3.06, 18.67, 96.76, -3.91, 26.67, 0, 68.75, 68.88,
19744, 77.25, 30.1, 7.8, 0, 0, 14.64, 23.9, 1.72, 18.82, 78.8, 14.79, 13.49, 79, 40, 13.55, 0, 0, 10, 23.92, 2.73, 30.1, 1357, 0, 102.2, 0, 0, 78.8, 15.3, 0.76, 13.44, 199.4, 80, 14.94, 102.2, 163.02, 64.84, 14.17, 0, 26.37, 3, 30, -18.5, 14.94, 0, -10.94, 3.06, 16.08, 96.76, -11.72, 23.92, 0, 68.75, 68.88,
20026, 85.49, 30.14, 7.8, 0, 0, 18.62, 26.7, 1.68, 18.82, 78.8, 14.79, 14.07, 79, 40, 14.81, 0, 0, 10, 21.18, 2.79, 30.14, 1378, 0, 102.2, 0, 0, 78.8, 15.3, 0.76, 14.81, 199.4, 74.9, 17.95, 102.2, 162.88, 69.14, 13.83, 0, 28.75, 3, 30, -21.5, 17.95, 0, -10.94, 3.07, 16.13, 96.76, -3.12, 20.39, 0, 68.88, 68.88,
20351, 89.02, 30.09, 7.8, 0, 0, 20.35, 26.7, 1.65, 18.82, 78.8, 14.79, 14.36, 79, 40, 14.47, 0, 0, 10, 25.1, 2.94, 30.09, 1417, 0, 102.2, 0, 0, 80.6, 15.3, 0.76, 14.47, 199.4, 72.9, 18.02, 102.2, 162.88, 76.56, 12.97, 0, 29.97, 3, 30, -22, 18.02, 0, -10.94, 3.07, 13.64, 96.76, -7.03, 24.71, 0, 68.56, 68.88,
20665, 80.39, 30.29, 7.8, 0, 0, 13.74, 24.3, 1.75, 21.18, 78.8, 14.79, 13.78, 79, 40, 14.59, 0, 0, 10, 30.59, 2.81, 30.29, 1363, 0, 102.2, 0, 0, 80.6, 15.3, 0.76, 14.59, 199.4, 85.1, 13.93, 102.2, 162.88, 68.75, 14.27, 0, 27.34, 3, 30, -17.5, 13.93, 0, -10.94, 3.07, 25.9, 96.76, -11.72, 29.41, 0, 68.62, 68.88,
20981, 89.02, 30.2, 7.8, 0, 0, 17.2, 26.3, 1.69, 16.08, 78.8, 14.79, 14.36, 79, 40, 13.55, 0, 0, 10, 20.39, 2.69, 30.2, 1390, 0, 102.2, 0, 0, 78.8, 15.3, 0.76, 13.55, 199.4, 92.2, 17.62, 102.2, 162.88, 72.66, 14.58, 0, 30.46, 3, 30, -22, 17.62, 0, -10.94, 3.07, 15.5, 96.76, -14.06, 19.61, 0, 69, 68.88,
21308, 83.14, 29.77, 7.8, 0, 0, 19.2, 24.7, 1.47, 16.47, 78.8, 14.79, 14.65, 79, 40, 14.81, 0, 0, 10, 22.75, 2.64, 29.77, 1378, 0, 102.2, 0, 0, 78.8, 15.3, 0.76, 14.7, 199.4, 77.6, 18.64, 104, 162.88, 77.34, 14.93, 0, 29.17, 3, 30, -20, 18.64, 0, -10.94, 3.07, 14.99, 96.78, -10.94, 22.75, 0, 68.88, 68.88,
21605, 78.82, 30.1, 7.8, 0, 0, 18.96, 23.1, 1.52, 19.61, 78.8, 14.79, 14.79, 79, 40, 14.93, 0, 0, 10, 27.84, 2.7, 30.1, 1360, 0, 104, 0, 0, 78.8, 15.3, 0.76, 14.81, 199.4, 83.5, 20.41, 104, 162.88, 76.95, 15.41, 0, 28.26, 3, 30, -17, 20.41, 0, -10.94, 3.07, 24.91, 96.78, -11.72, 29.02, 0, 68.69, 68.88,
21897, 90.59, 29.78, 7.8, 0, 0, 17.58, 25.9, 1.61, 19.61, 78.8, 14.79, 13.92, 79, 40, 13.9, 0, 0, 10, 20.39, 2.78, 29.78, 1411, 0, 104, 0, 0, 78.8, 15.3, 0.76, 13.9, 199.4, 92.2, 16.13, 104, 162.88, 73.83, 14.37, 0, 30.82, 3, 30, -21.5, 16.13, 0, -10.94, 3.07, 12.19, 96.78, -15.62, 19.61, 0, 68.88, 68.88,
22206, 93.73, 29.81, 7.8, 0, 0, 22.38, 25.9, 1.58, 19.22, 78.8, 14.79, 14.94, 79, 40, 15.04, 0, 0, 10, 25.88, 2.62, 29.81, 1402, 0, 104, 0, 0, 80.6, 15.3, 0.76, 15.04, 199.4, 76.9, 20.86, 104, 162.88, 80.08, 13.68, 0, 31.65, 3, 30, -20, 20.86, 0, -10.94, 3.07, 19.29, 96.78, -10.16, 25.88, 0, 68.69, 68.88,
22506, 81.57, 29.86, 7.8, 0, 0, 11.13, 24.7, 1.62, 24.71, 78.8, 14.79, 13.05, 79, 40, 14.7, 0, 0, 10, 30.59, 2.83, 29.86, 1419, 0, 104, 0, 0, 80.6, 15.3, 0.76, 14.7, 199.4, 91, 11.91, 104, 162.88, 67.97, 14.67, 0, 27.31, 3, 30, -16, 11.91, 0, -10.94, 3.08, 15.08, 96.8, -14.06, 27.84, 0, 68.88, 68.88,
22827, 91.76, 30.07, 7.8, 0, 0, 17.01, 29, 1.8, 12.16, 78.8, 14.79, 14.07, 79, 40, 13.78, 0, 0, 10, 23.14, 3.11, 30.07, 1436, 0, 104, 0, 0, 80.6, 15.3, 0.76, 13.9, 199.4, 86.7, 17.15, 105.8, 162.88, 78.52, 13.99, 0, 31.07, 3, 30, -22, 17.15, 0, -10.94, 3.08, 18.73, 96.8, -18.75, 26.27, 0, 68.81, 68.88,
23117, 77.65, 30.01, 7.8, 0, 0, 16.7, 20.4, 1.55, 20.78, 78.8, 14.79, 14.21, 79, 40, 14.47, 0, 0, 10, 27.45, 2.77, 30.01, 1359, 0, 105.8, 0, 0, 78.8, 15.3, 0.76, 14.36, 199.4, 91, 18.94, 105.8, 162.88, 75.78, 15.24, 0, 28.05, 3, 30, -17.5, 18.94, 0, -10.94, 3.08, 24.85, 96.8, -16.41, 28.63, 0, 69.19, 68.88,
23427, 94.9, 29.91, 7.8, 0, 0, 18.81, 27.1, 1.68, 19.61, 78.8, 14.79, 14.65, 79, 40, 13.9, 0, 0, 10, 25.49, 2.88, 29.91, 1358, 0, 105.8, 0, 0, 78.8, 15.3, 0.76, 14.01, 199.4, 92.9, 18.72, 105.8, 162.88, 83.59, 14.56, 0, 32.62, 3, 30, -22, 18.72, 0, -10.94, 3.08, 17.83, 96.82, -17.97, 26.27, 0, 68.81, 68.88,
23718, 92.94, 30.42, 7.8, 0, 0, 14.87, 25.5, 1.64, 24.31, 78.8, 14.79, 13.78, 79, 40, 14.47, 0, 0, 10, 26.27, 2.8, 30.42, 1407, 0, 105.8, 0, 0, 78.8, 15.3, 0.76, 14.24, 199.4, 96.5, 12.53, 105.8, 162.88, 71.48, 14.53, 0, 31.8, 3, 30, -19.5, 12.53, 0, -10.94, 3.08, 11.88, 96.82, -15.62, 23.14, 0, 68.94, 68.88,
