Time (s),Absolute load,Accelerator pedal position (%),Actual equivalence/air to fuel ratio (λ),Actual exhaust camshaft retard from max advance position (°),Actual intake camshaft advance from max retard position (°),Catalyst Temperature (%),Desired equivalence/air to fuel ratio (λ),Desired exhaust camshaft retard from max advance position (°),Desired intake camshaft advance from max retard position (°),Engine RPM,Fuel injection pulse width (ms),Ignition timing advance (°),Intake air temperature (°F),Intake manifold absolute pressure (kPa),Knock retard (°),Long term fuel trim (%),Mass airflow (g/s),Short term fuel trim (primary sensor) (%)
-1983.501,0.110,0.0,0.859,0.25,25.9,735.7,0.909,0.0,26.1,1259,0.480,21.0,79,22.0,0.00,1.6,1.77,0.0
-1983.392,0.103,0.0,0.865,0.15,25.9,735.7,0.909,0.0,25.0,1256,0.480,21.5,79,22.5,0.00,1.6,1.74,0.0
-1983.284,0.098,0.0,0.872,0.18,25.4,735.7,0.909,0.0,24.6,1227,0.480,23.1,79,23.8,0.00,1.6,2.54,0.0
-1983.175,0.106,0.0,0.880,0.14,25.0,735.6,0.909,0.0,24.6,1229,0.480,22.6,79,25.0,0.00,1.6,3.68,0.0
-1983.066,0.114,0.0,0.883,0.03,24.5,735.4,0.909,0.0,24.5,1226,0.480,17.6,79,24.6,0.00,1.6,2.95,0.0
-1982.958,0.114,0.0,0.883,0.15,24.4,735.3,0.909,0.0,24.3,1215,0.480,18.7,79,23.6,0.00,1.6,2.90,0.0
-1982.849,0.110,0.0,0.883,0.09,23.9,735.2,0.909,0.0,24.1,1203,0.480,21.0,79,23.0,0.00,1.6,2.26,0.0
-1982.740,0.102,0.0,0.888,0.11,23.6,735.1,0.909,0.0,23.7,1182,0.480,28.0,79,23.5,0.00,1.6,1.49,0.0
-1982.632,0.103,0.0,0.891,0.13,23.1,735.0,0.909,0.0,23.5,1172,0.480,32.8,79,25.0,0.00,1.6,2.61,0.0
-1982.523,0.112,0.0,0.891,0.13,23.3,734.9,0.909,0.0,23.7,1179,0.480,35.4,79,26.0,0.00,1.6,2.96,0.0
-1982.414,0.113,0.0,0.885,0.23,23.6,734.9,0.909,0.0,23.7,1184,0.480,36.0,79,25.0,0.00,1.6,1.88,0.0
-1982.306,0.108,0.0,0.878,0.16,23.5,734.8,0.909,0.0,23.2,1161,0.480,34.3,79,24.9,0.00,1.6,2.25,0.0
-1982.197,0.107,0.0,0.875,0.13,23.1,734.7,0.909,0.0,22.7,1136,0.480,33.5,79,26.3,0.00,1.6,2.62,0.0
-1982.089,0.111,0.0,0.875,0.17,22.6,734.6,0.909,0.0,22.2,1114,0.480,33.5,79,27.0,0.00,1.6,3.23,0.0
-1981.980,0.114,0.0,0.875,0.15,21.7,734.5,0.909,0.0,21.4,1076,0.480,34.5,79,27.0,0.00,1.6,2.83,0.0
-1981.871,0.112,0.0,0.875,0.13,21.4,734.3,0.909,0.0,20.4,1011,0.480,34.8,79,26.4,0.00,1.6,1.92,0.0
-1981.763,0.108,0.0,0.878,0.20,20.8,734.2,0.908,0.0,21.1,954,0.480,32.5,79,25.6,0.00,1.6,1.64,0.0
-1981.654,0.111,0.0,0.886,0.35,21.0,734.1,0.908,0.0,21.3,879,0.480,31.5,79,29.5,0.00,1.6,3.05,0.0
-1981.545,0.138,0.0,0.891,0.29,21.1,734.0,0.907,0.0,21.2,825,0.762,25.7,79,38.8,0.00,1.6,6.95,0.0
-1981.437,0.196,0.0,0.893,0.15,21.2,733.9,0.906,0.0,21.3,805,0.848,25.0,79,43.7,0.00,1.6,7.14,0.0
-1981.328,0.231,0.0,0.898,0.19,21.4,733.8,0.906,0.0,20.9,812,0.876,13.5,79,47.6,0.00,1.6,5.89,0.0
-1981.219,0.265,0.0,0.901,0.15,20.5,733.7,0.906,0.0,19.7,826,0.901,4.6,79,51.6,0.00,1.6,5.36,0.0
-1981.111,0.287,0.0,0.910,0.25,19.6,733.5,0.905,0.0,19.1,832,0.926,-2.0,79,55.3,0.00,1.6,5.42,0.7
-1981.002,0.299,0.0,0.910,0.27,19.5,733.4,0.905,0.0,19.2,836,0.912,-2.0,79,56.3,0.00,1.6,5.51,-0.2
-1980.893,0.307,0.0,0.895,0.25,19.1,733.2,0.905,0.0,19.1,847,0.889,-1.6,79,58.0,0.00,1.6,5.84,-1.3
-1980.785,0.314,0.0,0.876,0.13,18.8,733.1,0.905,0.0,18.3,860,0.940,-2.5,79,60.6,0.00,1.6,6.76,0.0
-1980.676,0.324,0.0,0.867,0.22,18.5,733.0,0.905,0.0,17.7,861,0.966,-3.0,79,62.0,0.00,1.6,5.91,0.0
-1980.568,0.329,0.0,0.863,0.23,17.8,732.7,0.905,0.0,17.4,872,0.945,-3.1,79,62.6,0.00,1.6,5.79,0.0
-1980.459,0.329,0.0,0.864,0.29,17.3,732.6,0.905,0.0,17.2,894,0.933,-5.6,79,64.0,0.00,1.6,5.11,0.0
-1980.350,0.327,0.5,0.867,0.26,17.1,732.4,0.905,0.0,17.0,902,0.889,-8.1,79,62.7,0.00,1.6,4.03,-0.2
-1980.242,0.317,2.1,0.867,0.05,16.8,732.2,0.905,0.0,16.5,885,0.822,-3.2,79,61.0,0.00,1.6,3.89,-0.8
-1980.133,0.302,4.6,0.867,0.14,15.3,732.0,0.905,0.0,19.2,925,0.801,14.0,79,61.0,0.00,1.6,4.75,-0.8
-1980.024,0.321,8.4,0.872,0.19,22.3,731.9,0.905,11.2,37.1,1012,0.987,14.0,79,64.2,0.00,1.6,8.73,-0.9
-1979.916,0.403,9.5,0.895,1.85,38.8,731.5,0.905,18.1,50.4,1127,1.231,12.8,79,71.4,0.00,1.6,14.17,-1.0
-1979.807,0.507,9.5,0.900,14.11,50.5,731.0,0.924,23.7,60.9,1309,1.191,5.9,79,74.6,0.02,1.6,16.61,-0.5
-1979.698,0.544,9.5,0.873,26.11,63.4,730.2,0.976,29.5,74.0,1483,1.018,3.2,79,76.3,-0.42,1.6,17.19,-4.1
-1979.590,0.526,9.2,0.896,31.15,70.4,729.4,0.998,30.0,74.0,1565,0.963,5.2,79,77.8,-0.48,1.6,16.90,-5.5
-1979.481,0.522,9.0,0.945,31.18,72.9,728.6,0.999,27.4,74.0,1594,1.017,6.3,79,81.4,-0.48,1.6,15.78,-3.6
-1979.372,0.529,9.0,0.985,28.26,73.8,727.9,0.999,25.2,74.0,1638,1.056,6.8,79,77.3,-0.48,1.6,16.51,-2.9
-1979.264,0.539,9.9,0.994,25.03,73.7,727.4,0.999,24.1,74.0,1700,1.087,7.4,79,78.9,-0.48,1.6,17.02,-3.1
-1979.155,0.565,10.0,0.998,23.48,73.9,726.9,0.999,23.1,74.0,1767,1.108,6.6,79,75.8,-0.48,1.6,19.38,-3.1
-1979.047,0.566,10.0,0.995,22.53,73.8,726.5,0.998,22.7,74.0,1851,1.112,6.0,79,74.8,-0.48,1.6,19.71,-3.1
-1978.938,0.569,10.5,1.000,22.25,73.6,726.1,0.998,23.1,74.0,1895,1.106,6.0,77,74.0,-0.48,1.6,19.71,-3.1
-1978.829,0.568,10.5,1.005,22.48,73.7,725.8,0.998,23.5,74.0,1926,1.110,5.5,77,74.5,-0.48,1.6,21.60,-2.4
-1978.721,0.568,10.5,1.012,22.82,73.7,725.6,0.999,23.7,74.0,1964,1.119,5.5,77,76.2,-0.48,1.6,21.00,-2.3
-1978.612,0.575,10.6,1.004,23.37,73.7,725.4,0.998,23.9,74.0,1992,1.104,5.5,77,73.7,-0.48,1.6,21.55,-2.3
-1978.503,0.580,11.1,0.996,23.75,73.6,725.2,0.998,24.1,74.0,2020,1.129,4.9,77,73.8,-0.48,1.6,22.16,-2.3
-1978.395,0.588,11.7,0.992,24.12,73.7,725.1,0.999,24.4,74.0,2061,1.153,4.6,77,77.4,-0.48,0.6,22.79,-1.9
-1978.286,0.603,12.2,0.987,24.56,73.7,725.0,0.998,24.7,74.0,2121,1.175,5.0,77,78.3,-0.48,0.0,23.73,-0.8
-1978.177,0.612,12.5,0.984,25.24,73.7,724.8,0.998,25.1,74.0,2191,1.216,5.1,77,78.8,-0.43,0.0,26.41,-0.8
-1978.069,0.620,12.7,0.984,25.37,73.6,724.7,0.998,25.5,74.0,2280,1.220,6.0,76,78.2,-0.35,0.0,27.83,-1.1
-1977.960,0.626,13.0,0.991,25.56,73.7,724.5,0.997,25.8,74.0,2365,1.229,7.5,75,78.9,-0.27,0.0,28.92,-1.3
-1977.851,0.631,13.0,0.985,25.66,73.8,724.4,0.996,26.0,74.0,2454,1.210,9.2,75,78.5,-0.18,0.0,29.44,-1.6
-1977.743,0.628,13.0,0.992,26.04,73.8,724.2,0.995,26.1,74.0,2525,1.196,10.0,75,79.7,-0.10,0.0,29.01,-1.9
-1977.634,0.627,13.7,1.000,26.34,73.7,724.1,0.996,26.0,74.0,2601,1.200,9.7,75,78.3,-0.01,0.0,29.18,-1.1
-1977.526,0.650,14.4,1.000,26.65,73.7,724.0,0.996,25.9,74.0,2699,1.239,8.8,75,78.9,0.02,0.0,33.20,-0.8
-1977.417,0.703,15.0,0.998,26.40,73.8,724.0,0.997,25.6,74.0,2821,1.323,8.9,75,84.0,0.03,0.0,39.13,-0.8
-1977.308,0.725,16.0,0.990,25.94,73.7,724.1,0.997,25.1,74.0,2958,1.409,9.8,75,83.1,-0.13,0.0,42.78,-0.8
-1977.200,0.792,16.5,0.974,25.28,73.9,724.1,0.997,24.4,74.0,3072,1.479,10.0,75,85.2,-0.83,0.0,47.67,-2.1
-1977.091,0.851,18.1,0.950,24.43,73.9,724.0,0.979,23.5,74.0,3231,1.509,9.5,75,88.1,-1.46,0.0,52.10,-3.1
-1976.982,0.963,20.5,0.966,23.35,73.9,723.9,0.970,22.2,74.0,3408,1.628,2.9,75,90.3,-1.44,0.0,71.15,-2.4
-1976.874,1.054,21.0,0.973,21.84,73.7,723.9,0.960,21.3,74.0,3552,1.754,1.5,75,96.2,-1.42,0.0,78.21,-1.5
-1976.765,1.042,21.0,0.976,20.52,73.7,724.1,0.942,20.7,74.0,3655,1.783,2.5,75,97.3,-1.40,0.0,76.91,0.2
-1976.656,1.036,21.3,0.984,20.05,73.5,724.5,0.932,20.1,74.0,3784,1.789,2.2,75,98.0,-1.38,0.0,79.09,2.0
-1976.548,1.066,23.0,0.953,19.44,73.4,725.1,0.922,19.6,74.0,3964,1.927,3.3,75,99.3,-1.36,0.0,83.55,3.7
-1976.439,1.218,27.4,0.872,19.03,73.2,725.5,0.913,18.4,74.0,4116,2.255,2.4,75,106.5,-1.34,0.0,97.74,2.2
-1976.330,1.416,39.9,0.810,17.69,73.7,725.7,0.904,16.9,74.0,4301,2.680,1.6,75,119.8,-1.32,0.0,116.64,0.0
-1976.222,1.609,62.8,0.773,16.62,72.9,725.8,0.896,15.2,67.6,4550,3.118,0.5,75,133.3,-1.31,0.0,134.87,0.0
-1976.113,1.680,82.8,0.804,15.65,66.0,726.0,0.887,15.0,62.1,4812,3.173,0.7,75,143.4,-1.31,0.0,155.41,0.0
-1976.005,1.688,89.0,0.813,15.06,59.4,726.4,0.879,15.0,58.6,5064,3.226,1.2,73,147.4,-1.31,0.0,157.61,0.0
-1975.896,1.712,89.0,0.813,14.82,57.5,726.7,0.872,15.0,57.0,5283,3.178,1.9,73,151.3,-1.31,0.0,177.11,0.0
-1975.787,1.771,88.4,0.819,15.11,55.6,727.6,0.864,15.0,55.0,5518,3.187,2.3,73,160.2,-1.31,0.0,207.85,-2.2
-1975.679,1.810,87.7,0.859,15.13,55.4,728.1,0.857,15.0,55.0,5751,3.276,1.2,73,167.3,-1.31,0.0,202.58,-5.5
-1975.570,1.738,87.2,0.861,14.76,55.4,728.7,0.850,15.0,55.0,5654,3.230,0.0,73,167.7,-1.31,0.0,203.23,-4.5
-1975.461,1.670,86.7,0.846,15.04,55.7,729.5,0.843,15.0,55.7,5408,3.286,0.0,73,159.7,-1.31,0.0,188.37,-3.1
-1975.353,1.655,82.1,0.815,14.63,57.3,730.3,0.836,15.0,58.1,5141,3.336,-0.2,73,153.2,-1.31,0.0,166.10,-2.8
-1975.244,1.603,78.8,0.833,14.64,60.3,731.3,0.829,15.0,62.3,4807,3.314,-0.5,73,145.9,-1.31,0.0,157.35,-2.7
-1975.135,1.561,79.7,0.821,14.93,66.5,732.2,0.821,15.3,68.6,4466,3.056,-0.2,73,139.1,-1.31,0.0,143.72,-5.0
-1975.027,1.523,81.0,0.813,15.93,71.4,733.0,0.814,17.2,74.0,4290,2.981,1.1,72,134.1,-1.31,0.0,134.42,-6.7
-1974.918,1.574,82.2,0.767,17.24,73.6,733.8,0.803,16.0,72.6,4402,3.147,2.0,72,139.3,-1.31,0.0,132.73,-9.4
-1974.809,1.569,81.7,0.782,15.82,71.7,734.8,0.799,15.0,67.7,4517,3.069,2.0,72,138.3,-1.31,0.0,131.09,-10.9
-1974.701,1.604,71.1,0.792,15.23,67.9,735.8,0.793,15.0,66.4,4599,3.132,2.8,72,140.0,-1.31,0.0,125.96,-10.3
-1974.592,1.599,55.4,0.799,15.16,65.4,736.8,0.787,15.0,64.7,4684,3.199,3.0,72,142.0,-1.31,0.0,162.30,-10.2
-1974.483,1.554,36.0,0.787,15.08,63.6,737.7,0.776,14.4,63.6,4748,3.117,3.0,72,141.6,-1.31,0.0,152.49,-8.8
-1974.375,1.317,14.9,0.805,13.63,63.1,738.8,0.776,11.7,63.2,4770,3.114,0.1,72,130.5,-1.31,0.0,148.27,0.1
-1974.266,0.832,13.4,0.837,10.40,63.5,739.5,0.781,10.0,63.3,4781,2.029,16.7,72,98.8,-1.76,0.0,71.06,10.1
-1974.158,0.555,6.5,0.877,8.30,61.5,740.0,0.788,7.9,51.9,4694,1.146,16.6,72,57.7,-1.32,0.0,38.29,7.1
-1974.049,0.391,0.0,0.808,3.00,50.3,740.5,0.796,5.3,33.1,4610,1.070,25.2,72,38.2,0.00,0.0,22.79,14.1
-1973.940,0.293,0.0,0.802,0.90,33.4,740.8,0.803,4.7,28.7,4595,0.660,2.5,72,29.0,0.00,0.7,13.22,13.0
-1973.832,0.134,0.0,0.849,2.24,29.5,741.1,0.865,4.7,29.1,4563,0.488,18.3,72,20.4,0.00,1.6,5.78,5.4
-1973.723,0.120,0.0,0.866,3.31,29.1,741.3,1.000,4.7,29.1,4568,0.488,28.2,72,21.5,0.00,1.6,9.77,0.0
-1973.614,0.142,0.0,0.961,3.98,29.1,741.5,1.000,4.7,29.1,4537,0.408,21.9,72,22.6,0.00,1.6,11.57,0.0
-1973.506,0.158,0.0,1.235,4.12,29.4,741.8,1.000,4.7,29.1,4495,0.000,19.9,72,22.4,0.00,1.6,11.87,0.0
-1973.397,0.148,0.0,1.772,4.07,29.4,742.5,1.421,4.7,29.1,4466,0.000,29.3,72,22.6,0.00,1.6,10.34,0.0
-1973.288,0.134,0.4,1.978,4.17,29.4,742.8,1.674,4.7,29.1,4419,0.050,41.9,72,23.0,0.00,1.6,8.17,0.0
-1973.180,0.134,0.7,1.992,4.43,29.0,743.1,0.955,4.7,29.1,4413,0.480,24.3,72,22.0,0.00,1.6,8.22,0.0
-1973.071,0.129,0.0,1.685,3.97,28.1,743.4,0.860,4.6,29.0,4439,0.484,15.1,74,21.0,0.00,1.6,9.71,0.0
-1972.962,0.126,0.0,1.232,4.37,29.1,743.6,0.868,4.6,28.8,4349,0.523,17.4,75,22.0,0.00,1.6,11.03,0.0
-1972.854,0.141,0.0,1.069,4.49,29.1,743.9,0.918,4.6,28.8,4233,0.487,15.1,75,23.0,0.00,1.6,14.59,0.0
-1972.745,0.156,0.0,1.078,4.38,29.0,744.3,1.000,4.6,28.8,4081,0.480,10.9,75,23.6,0.00,1.6,13.31,0.0
-1972.637,0.156,0.0,1.143,4.98,29.0,744.7,1.000,4.5,28.8,3960,0.352,13.5,75,22.3,0.00,1.6,9.41,0.0
-1972.528,0.148,0.0,1.244,4.51,29.2,745.0,1.000,3.4,29.3,3816,0.000,12.8,75,22.1,0.00,1.6,8.18,0.0
-1972.419,0.145,0.0,1.463,3.26,29.6,745.3,1.441,0.4,29.7,3637,0.000,12.3,75,24.2,0.00,1.6,9.50,0.0
-1972.311,0.151,0.0,1.857,0.27,30.1,745.5,1.999,0.0,31.0,3431,0.000,22.0,75,25.0,0.00,1.6,8.48,0.0
-1972.202,0.144,1.2,1.986,0.13,33.6,745.7,1.389,0.0,34.9,3189,0.170,27.5,75,23.5,0.00,1.6,5.78,0.0
-1972.093,0.134,4.5,1.992,0.69,33.5,745.9,0.906,5.0,33.1,2994,0.480,19.9,75,23.0,0.00,1.6,6.56,0.0
-1971.985,0.143,7.3,1.992,6.62,28.9,746.1,0.905,25.8,27.4,2963,0.605,27.5,75,27.8,0.00,1.6,11.37,0.0
-1971.876,0.226,8.0,1.273,20.53,31.6,746.3,0.904,28.9,38.9,2976,0.835,23.4,75,35.7,0.00,1.6,18.71,0.0
-1971.767,0.303,7.6,0.864,27.94,35.5,746.5,0.905,28.0,35.6,3051,0.840,19.9,75,42.6,0.00,1.6,24.42,0.0
-1971.659,0.318,7.9,0.743,27.62,33.3,746.6,0.904,25.8,33.5,3115,0.791,20.8,75,44.0,0.00,1.6,22.68,0.0
-1971.550,0.341,8.0,0.816,25.85,34.5,746.5,0.904,25.9,35.6,3115,0.798,20.3,75,45.0,0.00,1.6,22.56,0.0
-1971.441,0.348,8.5,0.841,25.18,37.1,746.4,0.904,25.1,38.9,3121,0.824,20.0,75,47.1,0.00,1.6,19.64,0.0
-1971.333,0.376,9.5,0.867,24.65,40.3,746.2,0.904,24.3,41.1,3135,0.860,19.2,75,48.5,0.00,1.2,24.18,-1.5
-1971.224,0.412,10.0,0.888,23.89,42.8,746.1,0.904,23.7,45.3,3158,0.933,17.6,75,51.6,0.00,0.0,25.97,0.7
-1971.116,0.446,10.6,0.874,23.27,47.0,746.0,0.904,23.3,52.6,3164,0.984,17.1,75,54.8,0.00,0.0,28.03,-1.5
-1971.007,0.487,12.0,0.852,23.00,53.7,745.9,0.918,23.2,59.6,3168,0.992,17.9,77,59.1,0.00,0.0,29.92,-3.8
-1970.898,0.536,12.0,0.906,22.78,60.1,745.8,0.985,23.0,62.5,3174,0.998,17.6,77,65.0,0.00,0.0,33.23,-3.9
-1970.790,0.553,12.1,0.982,22.81,63.0,745.8,0.996,22.8,64.8,3177,1.013,14.8,77,65.7,0.01,0.0,33.17,-1.7
-1970.681,0.573,13.0,1.010,22.72,66.6,745.9,0.999,22.8,71.3,3169,1.042,15.4,77,69.3,0.02,0.0,32.99,-1.6
-1970.572,0.597,13.1,1.021,22.63,69.5,746.3,1.001,22.9,74.0,3163,1.095,13.2,77,71.5,0.03,0.0,40.69,-0.8
-1970.464,0.627,14.0,1.029,22.86,72.2,746.7,1.001,22.8,74.0,3163,1.139,12.5,77,74.6,0.04,0.0,39.62,-0.0
-1970.355,0.661,13.9,1.023,23.00,73.5,747.1,1.001,22.5,74.0,3167,1.206,12.0,77,77.0,0.05,0.0,45.19,0.7
-1970.246,0.662,13.5,1.008,22.70,73.7,747.6,1.000,22.2,74.0,3179,1.193,12.0,77,76.3,0.06,0.0,42.17,0.0
-1970.138,0.662,13.5,0.988,22.28,73.9,748.0,0.999,22.0,74.0,3179,1.208,12.5,77,75.0,0.07,0.0,39.53,-0.1
-1970.029,0.667,13.5,0.989,22.14,73.6,748.4,0.999,21.6,74.0,3196,1.200,12.5,75,76.4,0.08,0.0,42.19,-0.6
-1969.920,0.665,13.5,0.977,21.93,73.8,749.0,0.999,21.3,74.0,3212,1.191,12.5,75,77.0,0.09,0.0,39.50,-0.2
-1969.812,0.658,13.7,0.978,21.48,73.8,749.4,0.999,21.0,74.0,3234,1.183,12.6,75,76.0,0.09,0.0,37.91,-1.0
-1969.703,0.657,14.0,0.984,21.18,73.8,750.0,0.999,20.8,74.0,3252,1.169,13.1,75,77.0,0.10,0.0,40.38,-1.4
-1969.595,0.663,13.8,0.990,20.82,73.9,750.6,0.999,20.8,74.0,3266,1.190,13.4,75,76.4,0.11,0.0,43.93,-1.0
-1969.486,0.670,13.5,0.992,20.59,73.7,751.1,0.999,20.7,74.0,3284,1.176,13.1,75,76.7,0.11,0.0,43.76,-1.8
-1969.377,0.661,13.5,0.986,20.80,73.4,751.5,0.999,20.5,74.0,3307,1.170,13.5,75,75.4,0.11,0.0,43.91,-2.0
-1969.269,0.652,13.5,0.992,20.55,73.8,752.1,0.999,20.5,74.0,3321,1.149,14.0,75,73.2,0.11,0.0,43.09,-1.6
-1969.160,0.637,13.5,0.992,20.39,73.8,752.6,0.999,20.4,74.0,3339,1.137,14.2,75,73.0,0.11,0.0,44.62,-2.0
-1969.051,0.631,13.5,0.999,20.19,73.7,753.2,0.999,20.5,74.0,3355,1.128,14.0,75,73.9,0.11,0.0,42.05,-1.8
-1968.943,0.635,13.5,0.992,20.40,73.5,753.8,0.998,20.6,74.0,3369,1.128,14.0,75,73.1,0.11,0.0,43.99,-1.6
-1968.834,0.631,13.5,0.992,20.50,73.5,754.3,0.998,20.7,74.0,3387,1.118,14.0,75,75.0,0.11,0.0,41.34,-1.6
-1968.725,0.624,13.5,0.991,20.77,73.4,754.9,0.998,20.9,74.0,3407,1.102,14.4,75,73.1,0.11,0.0,40.54,-1.6
-1968.617,0.646,14.4,0.984,21.28,73.4,755.4,0.997,21.5,74.0,3421,1.122,14.1,75,73.1,0.11,0.0,43.45,-2.2
-1968.508,0.693,15.9,0.990,21.81,73.5,756.0,0.996,21.9,74.0,3440,1.215,12.9,75,76.2,0.11,0.0,41.44,-1.7
-1968.399,0.754,16.5,0.998,22.06,73.5,756.6,0.981,21.7,74.0,3463,1.313,10.5,75,79.1,0.11,0.0,52.93,-1.6
-1968.291,0.798,16.5,0.969,22.16,73.5,757.2,0.971,21.6,74.0,3485,1.396,9.6,75,82.0,0.11,0.0,56.54,-1.6
-1968.182,0.828,17.6,0.960,21.97,73.5,757.7,0.960,21.4,74.0,3505,1.449,8.6,75,83.0,0.11,0.0,58.37,-1.6
-1968.074,0.884,17.9,0.949,21.90,73.3,758.0,0.951,21.3,74.0,3530,1.514,5.5,75,87.0,0.11,0.0,60.55,-2.3
-1967.965,0.883,17.5,0.953,21.69,73.4,758.4,0.941,21.2,74.0,3550,1.552,5.0,75,86.6,0.11,0.0,62.06,-1.2
-1967.856,0.873,17.5,0.953,21.33,73.7,758.7,0.931,21.1,74.0,3581,1.563,7.2,75,84.9,0.11,0.0,63.58,0.3
-1967.748,0.883,17.8,0.935,21.19,73.4,759.0,0.922,21.1,74.0,3593,1.582,6.5,75,84.0,0.11,0.0,62.98,0.8
-1967.639,0.902,18.3,0.923,21.25,73.3,759.3,0.913,20.9,74.0,3625,1.615,6.7,75,84.6,0.11,0.0,64.18,1.1
-1967.530,0.956,22.4,0.915,20.94,73.3,759.8,0.904,20.9,74.0,3648,1.805,5.7,75,87.8,0.11,0.0,69.46,2.0
-1967.422,1.217,36.7,0.835,21.07,73.5,760.2,0.892,20.6,74.0,3694,2.334,3.1,75,103.3,-0.34,0.0,89.40,1.2
-1967.313,1.294,53.2,0.781,21.42,73.5,760.7,0.881,20.5,74.0,3724,2.708,1.4,75,117.9,-0.83,0.0,96.92,0.0
-1967.204,1.384,65.6,0.801,20.75,73.5,761.1,0.873,20.3,74.0,3750,2.649,0.7,75,125.5,-0.89,0.0,112.19,0.0
-1967.096,1.435,74.3,0.819,20.70,73.5,761.6,0.864,20.2,74.0,3791,2.849,1.0,75,125.4,-0.89,0.0,94.46,0.0
-1966.987,1.494,78.0,0.796,20.79,73.4,762.2,0.856,20.0,74.0,3834,3.060,1.3,75,126.8,-0.89,0.0,88.92,0.0
-1966.878,1.471,78.5,0.757,20.54,73.4,762.8,0.849,19.9,74.0,3876,3.171,1.5,75,127.9,-0.89,0.0,123.28,0.0
-1966.770,1.486,78.1,0.744,20.02,73.4,763.3,0.841,19.7,74.0,3920,3.086,1.9,75,128.0,-0.89,0.0,130.40,0.0
-1966.661,1.452,77.6,0.766,19.86,73.5,763.8,0.834,19.5,74.0,3962,2.864,2.0,75,128.0,-0.89,0.0,112.23,-5.7
-1966.553,1.489,77.5,0.813,19.41,73.6,764.4,0.827,19.4,74.0,3999,2.881,2.3,75,128.9,-0.89,0.0,93.19,-8.4
-1966.444,1.498,77.1,0.814,19.28,73.6,765.2,0.820,19.0,74.0,4039,2.969,2.5,75,133.8,-0.89,0.0,110.91,-8.6
-1966.335,1.476,77.0,0.815,18.84,73.6,765.7,0.813,18.6,74.0,4080,2.866,2.5,75,132.0,-0.89,0.0,112.64,-8.6
-1966.227,1.510,76.6,0.800,18.65,73.5,766.2,0.806,18.3,74.0,4132,2.873,2.5,75,132.0,-0.88,0.0,114.40,-9.8
-1966.118,1.509,76.5,0.809,18.04,73.5,766.7,0.800,17.9,74.0,4172,3.005,2.5,75,132.0,-0.83,0.0,103.86,-11.4
-1966.009,1.498,76.5,0.792,17.71,73.7,767.3,0.793,17.5,74.0,4214,3.008,2.9,75,133.2,-0.77,0.0,98.17,-10.4
-1965.901,1.521,76.5,0.775,17.31,73.7,767.8,0.786,17.2,74.0,4256,2.985,3.0,75,135.8,-0.71,0.0,104.85,-11.7
-1965.792,1.525,76.4,0.782,17.11,73.7,768.4,0.780,16.8,74.0,4306,2.793,3.5,75,137.8,-0.66,0.0,112.91,-11.7
-1965.683,1.560,75.5,0.787,16.84,73.6,769.0,0.780,16.4,74.0,4342,3.130,3.1,75,135.0,-0.60,0.0,131.54,-12.1
-1965.575,1.546,72.6,0.787,16.10,73.7,769.5,0.779,15.9,74.0,4382,3.185,3.5,75,135.6,-0.54,0.0,123.11,-12.4
-1965.466,1.520,66.0,0.775,15.61,73.7,770.0,0.779,15.6,74.0,4428,3.191,3.5,75,136.7,-0.49,0.0,123.16,-10.9
-1965.357,1.518,59.9,0.758,15.31,73.6,770.5,0.778,15.3,72.9,4475,3.016,3.5,75,140.2,-0.43,0.0,121.96,-10.9
-1965.249,1.518,52.0,0.767,15.23,71.1,771.0,0.778,15.0,67.8,4513,3.165,3.8,75,138.3,-0.37,0.0,135.93,-10.9
-1965.140,1.491,43.6,0.781,14.96,67.5,771.5,0.778,15.0,67.0,4554,3.176,4.0,75,135.0,-0.31,0.0,144.40,-9.8
-1965.032,1.514,39.8,0.787,14.95,66.8,772.0,0.777,15.0,66.0,4606,3.065,5.1,75,137.0,-0.25,0.0,133.82,-9.4
-1964.923,1.615,34.9,0.819,14.88,65.0,772.4,0.777,15.0,64.8,4685,2.874,4.4,75,139.9,-0.19,0.0,131.08,-9.4
-1964.814,1.509,30.0,0.847,14.90,63.9,772.9,0.776,15.0,63.9,4723,2.612,4.0,75,138.1,-0.12,0.0,136.01,-1.1
-1964.706,1.529,28.5,0.847,14.66,65.7,773.4,0.776,15.5,69.0,4553,2.900,0.8,75,138.9,-0.06,0.0,147.43,-4.6
-1964.597,1.265,28.5,0.813,15.41,70.3,773.9,0.781,17.8,74.0,4146,2.227,0.0,75,126.2,-0.02,0.0,102.86,0.0
-1964.488,1.306,26.4,0.814,18.36,73.1,774.3,0.783,20.5,74.0,3649,2.419,0.0,75,116.3,0.00,0.0,114.23,5.8
-1964.380,1.092,24.4,0.796,20.78,73.7,774.7,0.789,21.1,74.0,3545,2.503,4.0,75,111.5,0.00,0.0,110.13,5.3
-1964.271,0.998,17.4,0.878,21.13,73.6,775.1,0.796,19.8,74.0,3557,1.899,5.5,75,102.9,0.00,0.0,75.28,3.4
-1964.162,0.769,14.2,0.912,19.05,73.8,775.3,0.803,17.1,74.0,3475,1.715,11.7,75,87.2,0.00,0.0,51.19,15.1
-1964.054,0.609,11.6,0.819,16.82,73.4,775.5,0.811,16.7,74.0,3412,1.432,16.2,73,71.8,0.00,0.0,36.25,9.5
-1963.945,0.526,6.5,0.773,15.74,73.1,775.7,0.820,20.3,67.7,3440,1.134,12.2,73,63.0,0.00,0.0,27.21,0.6
-1963.836,0.384,0.0,0.811,18.33,64.9,775.8,0.833,17.6,48.6,3382,0.751,-0.8,73,48.8,0.00,0.9,14.19,0.0
-1963.728,0.209,0.0,0.878,15.38,46.4,775.9,0.842,12.3,27.2,3409,0.374,7.3,73,30.8,0.00,1.6,3.86,5.5
-1963.619,0.127,0.0,0.961,1.13,33.0,775.9,0.934,0.0,31.7,3413,0.000,20.0,73,24.6,0.00,1.6,5.36,6.2
-1963.511,0.121,0.0,0.933,0.08,31.9,776.1,1.000,0.0,31.9,3398,0.000,27.4,73,24.8,0.00,1.6,6.30,0.0
-1963.402,0.133,0.0,0.893,0.16,32.3,776.2,1.000,0.0,32.4,3383,0.000,19.9,73,25.9,0.00,1.6,7.70,0.0
-1963.293,0.145,0.0,0.932,0.04,32.6,776.4,1.000,0.0,32.5,3376,0.000,14.5,73,25.1,0.00,1.6,8.31,0.0
-1963.185,0.146,0.0,1.074,0.07,32.7,776.5,1.001,0.0,32.8,3350,0.000,13.5,75,25.8,0.00,1.6,10.25,0.0
-1963.076,0.149,0.0,1.355,0.04,33.3,776.7,1.999,0.0,33.2,3333,0.000,14.0,77,24.4,0.00,1.6,10.63,0.0
-1962.967,0.146,0.0,1.783,0.05,33.8,777.0,1.999,0.0,33.6,3319,0.000,39.3,77,23.4,0.00,1.6,10.73,0.0
-1962.859,0.139,0.0,1.992,0.01,33.8,777.1,1.999,0.0,33.6,3312,0.000,38.1,77,24.5,0.00,1.6,7.33,0.0
-1962.750,0.129,0.0,1.992,0.06,34.0,777.3,1.999,0.0,33.8,3305,0.000,37.8,77,24.4,0.00,1.6,5.77,0.0
-1962.641,0.129,0.0,1.992,0.00,34.1,777.4,1.999,0.0,34.1,3291,0.000,36.7,77,24.7,0.00,1.6,6.78,0.0
-1962.533,0.133,0.0,1.992,0.00,34.3,777.6,1.999,0.0,34.3,3279,0.000,37.3,77,24.2,0.00,1.6,7.68,0.0
-1962.424,0.141,0.0,1.992,0.00,34.8,777.7,1.999,0.0,34.4,3269,0.000,38.1,77,24.0,0.00,1.6,9.52,0.0
-1962.315,0.153,0.0,1.992,0.00,35.1,777.9,1.999,0.0,34.7,3260,0.000,38.8,77,25.0,0.00,1.6,9.69,0.0
-1962.207,0.144,0.0,1.992,0.00,34.9,778.1,1.999,0.0,34.9,3246,0.000,37.8,78,23.0,0.00,1.6,5.81,0.0
-1962.098,0.137,0.0,1.992,0.00,35.0,778.2,1.999,0.0,34.8,3223,0.000,37.5,79,24.1,0.00,1.6,6.32,0.0
-1961.990,0.136,0.0,1.992,0.00,35.4,778.3,1.999,0.0,34.8,3215,0.000,37.5,79,24.8,0.00,1.6,6.51,0.0
-1961.881,0.134,0.0,1.992,0.00,35.2,778.4,1.999,0.0,34.8,3209,0.000,37.1,79,23.9,0.00,1.6,5.96,0.0
-1961.772,0.136,0.0,1.992,0.00,34.9,778.5,1.999,0.0,34.8,3199,0.000,37.4,79,23.1,0.00,1.6,8.75,0.0
-1961.664,0.129,0.0,1.992,0.00,35.1,778.6,1.999,0.0,34.8,3190,0.000,37.1,79,24.0,0.00,1.6,6.19,0.0
-1961.555,0.131,0.0,1.992,0.00,35.3,778.7,1.999,0.0,34.8,3171,0.000,37.0,79,24.3,0.00,1.6,6.54,0.0
-1961.446,0.126,0.0,1.992,0.00,35.3,778.9,1.999,0.0,34.8,3157,0.000,36.3,79,24.3,0.00,1.6,5.69,0.0
-1961.338,0.119,0.0,1.992,1.78,34.7,778.9,1.999,0.0,34.8,3138,0.000,32.2,79,23.8,0.00,1.6,6.74,0.0
-1961.229,0.138,0.0,1.992,0.32,34.7,779.0,1.999,0.0,34.8,3132,0.000,36.7,79,25.5,0.00,1.6,11.19,0.0
-1961.120,0.144,0.0,1.992,0.06,35.1,779.1,1.999,0.0,34.8,3127,0.000,36.3,79,24.9,0.00,1.6,7.29,0.0
-1961.012,0.139,0.0,1.992,0.00,35.1,779.2,1.999,0.0,34.8,3115,0.000,36.8,79,24.0,0.00,1.6,7.48,0.0
-1960.903,0.132,0.0,1.992,0.06,35.2,779.3,1.999,0.0,34.9,3102,0.000,37.1,79,24.0,0.00,1.6,7.08,0.0
-1960.794,0.117,0.0,1.992,0.01,35.0,779.4,1.999,0.0,34.9,3079,0.000,35.5,79,23.2,0.00,1.6,4.87,0.0
-1960.686,0.128,0.0,1.992,0.05,34.9,779.4,1.999,0.0,34.9,3051,0.000,35.9,79,25.7,0.00,1.6,6.79,0.0
-1960.577,0.137,0.0,1.992,0.04,35.1,779.5,1.999,0.0,34.9,3038,0.000,37.0,79,24.0,0.00,1.6,8.04,0.0
-1960.469,0.141,0.0,1.992,0.10,35.1,779.7,1.999,0.0,34.9,3026,0.000,36.1,79,23.0,0.00,1.6,6.61,0.0
-1960.360,0.136,0.0,1.992,0.04,35.2,779.7,1.999,0.0,34.9,3007,0.000,37.7,79,23.0,0.00,1.6,5.49,0.0
-1960.251,0.125,0.0,1.992,0.00,34.9,779.8,1.999,0.0,35.0,2986,0.000,38.9,79,22.9,0.00,1.6,6.35,0.0
-1960.143,0.123,0.0,1.992,0.00,35.0,779.8,1.999,0.0,35.0,2968,0.000,39.0,79,22.2,0.00,1.6,7.23,0.0
-1960.034,0.128,0.0,1.992,0.00,35.1,779.9,1.999,0.0,35.0,2954,0.000,39.0,79,22.8,0.00,1.6,5.79,0.0
-1959.925,0.131,0.0,1.992,0.00,35.4,780.0,1.999,0.0,35.0,2947,0.000,37.6,79,22.0,0.00,1.6,7.29,0.0
-1959.817,0.120,0.0,1.992,0.00,35.1,780.0,1.999,0.0,35.0,2939,0.000,38.8,79,22.0,0.00,1.6,4.96,0.0
-1959.708,0.111,0.0,1.992,0.00,35.2,780.0,1.999,0.0,35.0,2932,0.000,32.9,79,22.4,0.00,1.6,4.13,0.0
-1959.599,0.124,0.0,1.992,0.00,35.1,780.1,1.999,0.0,35.0,2919,0.000,38.6,79,23.0,0.00,1.6,6.84,0.0
-1959.491,0.136,0.0,1.992,0.00,34.9,780.1,1.999,0.0,35.0,2909,0.000,36.5,79,21.8,0.00,1.6,7.15,0.0
-1959.382,0.129,0.0,1.992,0.00,35.1,780.1,1.999,0.0,35.0,2903,0.000,37.4,79,21.0,0.00,1.6,6.14,0.0
-1959.273,0.116,0.0,1.992,0.00,34.9,780.2,1.999,0.0,35.0,2894,0.000,36.4,79,21.7,0.00,1.6,4.19,0.0
-1959.165,0.106,0.0,1.992,0.00,35.3,780.2,1.999,0.0,35.0,2882,0.000,33.5,79,22.0,0.00,1.6,4.20,0.0
-1959.056,0.137,0.0,1.992,0.00,35.0,780.2,1.999,0.0,35.0,2873,0.000,34.5,79,22.9,0.00,1.6,9.31,0.0
-1958.948,0.136,0.0,1.992,0.00,35.1,780.2,1.999,0.0,35.0,2866,0.000,36.9,79,20.0,0.00,1.6,5.31,0.0
-1958.839,0.117,0.0,1.992,0.00,35.2,780.2,1.999,0.0,35.0,2858,0.000,35.8,79,20.9,0.00,1.6,3.91,0.0
-1958.730,0.112,2.0,1.992,0.07,34.9,780.2,0.906,6.8,29.4,2905,0.434,27.0,79,20.3,0.00,1.6,5.08,0.0
-1958.622,0.113,4.1,1.992,2.72,25.6,780.3,0.905,26.6,13.1,2880,0.488,26.2,79,22.0,0.00,1.6,5.67,0.0
-1958.513,0.124,4.5,1.496,14.27,12.2,780.3,0.905,40.5,8.2,2870,0.480,31.7,79,25.6,0.00,1.6,8.67,0.0
-1958.404,0.147,4.8,1.055,27.42,9.2,780.2,0.905,41.8,9.4,2875,0.502,37.3,79,29.4,0.00,1.6,10.95,0.0
-1958.296,0.181,6.1,0.986,35.34,13.3,780.3,0.904,33.5,23.6,2881,0.644,34.1,79,32.9,0.00,1.6,12.98,0.0
-1958.187,0.250,7.6,0.952,31.43,26.3,780.3,0.904,30.7,36.8,2889,0.829,26.2,81,36.8,0.00,1.6,16.12,0.0
-1958.078,0.314,8.3,0.796,28.62,34.8,780.1,0.905,31.2,36.9,2880,0.876,22.6,81,42.1,0.00,1.6,19.74,0.0
-1957.970,0.354,8.8,0.745,28.42,38.3,779.4,0.905,30.4,38.9,2873,0.859,21.6,81,46.2,0.00,1.6,22.52,0.0
-1957.861,0.385,8.6,0.811,28.29,40.2,779.0,0.905,30.5,39.2,2876,0.874,20.7,81,49.5,0.00,1.6,23.67,0.0
-1957.752,0.399,8.5,0.867,29.12,38.6,778.5,0.904,31.1,37.5,2876,0.896,20.5,81,50.9,0.00,1.6,21.57,-1.4
-1957.644,0.396,8.5,0.884,30.10,37.1,778.1,0.904,31.1,36.8,2872,0.884,20.8,81,50.1,0.00,1.6,22.01,-1.8
-1957.535,0.384,8.1,0.900,30.69,36.7,777.6,0.904,31.5,35.4,2873,0.847,21.4,81,51.0,0.00,1.6,20.09,-1.6
-1957.427,0.376,7.5,0.915,31.27,34.4,777.2,0.897,32.3,32.8,2871,0.840,21.5,81,51.0,0.00,1.6,19.75,-0.3
-1957.318,0.372,7.5,0.935,31.90,32.0,776.8,0.913,32.4,31.9,2869,0.824,22.4,81,51.6,0.00,1.6,21.52,3.0
-1957.209,0.367,7.4,0.917,32.14,32.2,776.4,0.993,32.5,32.1,2866,0.741,26.3,79,49.2,0.00,1.6,18.69,-2.3
-1957.101,0.361,7.1,0.950,32.64,30.4,776.1,0.996,32.9,29.5,2868,0.720,27.5,79,49.7,0.00,1.6,18.85,-2.1
-1956.992,0.353,7.5,0.991,32.91,29.2,775.7,0.998,32.8,30.1,2861,0.728,28.0,79,49.0,0.00,1.6,18.59,-0.2
-1956.883,0.356,7.5,0.989,32.99,29.8,775.6,0.999,32.9,29.9,2869,0.726,28.0,79,49.0,0.00,1.6,18.63,-1.2
-1956.775,0.358,7.5,0.978,33.36,30.8,775.5,0.999,32.6,31.7,2864,0.712,28.0,79,48.3,0.00,1.6,19.23,-2.3
-1956.666,0.372,7.8,0.984,32.74,34.3,775.3,1.000,32.1,35.0,2862,0.722,27.4,79,50.1,0.00,1.6,19.00,-2.0
-1956.557,0.386,8.0,0.984,32.29,35.5,775.1,1.000,31.6,35.9,2867,0.744,26.3,79,50.3,0.00,1.6,19.38,-1.9
-1956.449,0.391,8.0,0.977,31.92,35.6,774.9,1.000,31.9,35.4,2863,0.738,26.2,79,52.3,0.00,1.6,22.39,-2.7
-1956.340,0.389,8.0,0.985,31.75,35.4,774.7,1.000,32.0,35.5,2859,0.732,26.5,79,51.3,0.00,1.6,19.75,-2.6
-1956.231,0.384,8.0,1.001,31.73,36.1,774.6,1.000,31.4,37.1,2860,0.731,26.9,79,51.0,0.00,1.6,20.26,-1.7
-1956.123,0.387,9.5,1.008,31.10,39.7,774.4,1.001,30.3,44.6,2859,0.758,26.1,79,52.5,0.00,1.6,18.72,-2.3
-1956.014,0.433,10.1,1.001,30.27,49.3,774.3,1.000,29.4,65.6,2867,0.870,23.6,79,56.0,0.00,1.0,28.01,-0.8
-1955.906,0.462,10.5,0.979,29.48,64.7,774.2,1.000,28.5,74.0,2860,0.888,18.8,79,59.7,0.01,0.0,25.11,-1.6
-1955.797,0.477,10.5,0.988,28.31,71.0,774.0,0.999,27.8,74.0,2854,0.937,16.9,79,63.4,0.02,0.0,26.48,-1.0
-1955.688,0.492,10.5,0.983,27.90,73.6,773.9,0.998,27.1,74.0,2869,0.968,15.6,79,65.4,0.03,0.0,27.90,-0.2
-1955.580,0.506,10.8,0.989,26.75,73.7,773.8,0.998,26.3,74.0,2862,0.974,14.5,79,66.9,0.04,0.0,28.52,-1.7
-1955.471,0.513,11.0,0.978,25.61,73.6,773.7,0.998,26.0,74.0,2864,0.988,14.1,79,68.0,0.05,0.0,26.97,-1.5
-1955.362,0.520,11.0,0.990,25.19,73.8,773.6,0.998,25.7,74.0,2867,0.982,13.3,79,68.7,0.06,0.0,28.05,-1.6
-1955.254,0.530,11.0,0.992,25.37,73.8,773.6,0.998,25.5,74.0,2869,1.003,13.2,79,67.6,0.08,0.0,28.63,-1.2
-1955.145,0.536,11.0,0.977,25.09,73.7,773.6,0.998,25.4,74.0,2872,1.016,13.5,79,67.0,0.09,0.0,29.44,-2.0
-1955.036,0.541,11.3,0.984,25.34,73.6,773.6,0.997,25.4,74.0,2876,1.032,12.8,79,67.8,0.10,0.0,30.88,-2.3
-1954.928,0.544,11.5,0.984,25.21,73.7,773.5,0.997,25.4,74.0,2876,1.038,11.8,78,68.0,0.11,0.0,31.77,-2.3
-1954.819,0.562,11.5,0.992,25.63,73.8,773.6,0.997,25.4,74.0,2875,1.059,11.2,77,69.6,0.12,0.0,31.72,-2.3
-1954.710,0.565,11.5,0.985,25.26,73.8,773.6,0.997,25.4,74.0,2878,1.072,10.7,77,71.6,0.13,0.0,31.47,-2.3
-1954.602,0.565,11.5,0.991,25.36,73.7,773.7,0.997,25.4,74.0,2880,1.075,10.7,77,70.5,0.14,0.0,31.37,-1.9
-1954.493,0.571,11.5,0.992,25.72,73.7,773.7,0.997,25.4,74.0,2881,1.080,11.0,77,71.5,0.15,0.0,31.01,-2.0
-1954.385,0.566,11.5,0.992,25.22,73.8,773.9,0.996,25.4,74.0,2883,1.077,11.5,77,70.5,0.15,0.0,31.40,-2.3
-1954.276,0.558,11.5,0.992,25.02,73.8,774.0,0.996,25.4,74.0,2885,1.072,11.5,77,70.0,0.17,0.0,31.06,-2.3
-1954.167,0.568,11.5,1.000,25.12,73.7,774.3,0.996,25.3,74.0,2886,1.072,11.5,77,70.0,0.17,0.0,31.29,-1.9
-1954.059,0.554,11.5,0.992,25.12,73.8,774.6,0.996,25.3,74.0,2885,1.061,12.0,77,70.0,0.18,0.0,31.79,-2.1
-1953.950,0.549,11.5,1.000,25.35,73.8,774.7,0.996,25.3,74.0,2889,1.056,12.3,77,70.0,0.20,0.0,33.23,-1.8
-1953.841,0.553,11.5,0.999,25.25,73.8,774.9,0.995,25.3,74.0,2894,1.064,12.2,77,71.0,0.21,0.0,29.85,-1.6
-1953.733,0.553,11.5,0.992,25.49,73.7,775.1,0.995,25.3,74.0,2896,1.059,12.0,77,69.2,0.22,0.0,30.96,-1.6
-1953.624,0.552,11.0,0.992,25.59,73.8,775.3,0.995,25.3,74.0,2899,1.056,12.9,77,70.7,0.23,0.0,30.52,-1.6
-1953.515,0.545,11.0,0.992,25.22,73.8,775.5,0.995,25.3,74.0,2898,1.045,13.0,77,68.9,0.24,0.0,28.62,-1.6
-1953.407,0.541,11.4,0.989,25.29,73.7,775.7,0.995,25.3,74.0,2907,1.033,13.5,77,67.8,0.25,0.0,31.48,-1.6
-1953.298,0.540,11.0,0.984,25.19,73.6,776.0,0.995,25.3,74.0,2904,1.039,13.0,77,69.6,0.25,0.0,28.84,-1.6
-1953.189,0.537,11.0,0.984,25.13,73.7,776.1,0.995,25.3,74.0,2905,1.017,13.5,77,68.3,0.26,0.0,27.60,-2.3
-1953.081,0.533,10.8,0.989,25.23,73.7,776.3,0.995,25.3,74.0,2906,1.015,13.2,77,67.0,0.26,0.0,30.91,-2.3
-1952.972,0.527,10.5,0.992,25.30,73.8,776.5,0.995,25.3,74.0,2910,0.998,14.2,77,68.1,0.27,0.0,31.96,-2.3
-1952.864,0.516,10.5,0.981,25.48,73.9,776.6,0.995,25.3,74.0,2913,0.983,15.0,77,66.7,0.28,0.0,27.49,-2.6
-1952.755,0.513,10.5,0.983,25.62,73.8,776.8,0.995,25.3,74.0,2913,0.978,14.8,77,66.9,0.30,0.0,27.76,-3.1
-1952.646,0.511,10.5,0.977,25.45,73.9,776.9,0.995,25.3,74.0,2914,0.976,15.2,77,65.8,0.30,0.0,27.69,-3.1
-1952.538,0.513,10.2,0.984,25.50,73.6,777.0,0.995,25.3,74.0,2915,0.960,16.0,77,64.2,0.30,0.0,28.80,-3.1
-1952.429,0.495,9.6,1.000,25.26,73.6,777.2,0.996,25.3,74.0,2913,0.934,16.3,77,62.2,0.31,0.0,27.54,-2.6
-1952.320,0.458,9.1,1.006,25.36,73.9,777.4,0.997,25.3,74.0,2912,0.903,17.5,77,62.0,0.32,0.0,25.55,-1.2
-1952.212,0.444,9.4,1.039,24.95,73.9,777.6,0.997,25.3,74.0,2915,0.883,18.3,77,59.3,0.33,0.0,26.66,-0.2
-1952.103,0.447,9.5,1.008,24.81,73.6,777.7,0.996,25.3,74.0,2915,0.876,18.8,77,59.0,0.34,0.0,24.11,-0.5
-1951.994,0.447,9.5,0.992,25.08,73.6,777.9,0.996,25.3,74.0,2912,0.872,19.0,77,59.0,0.34,0.0,24.60,-0.8
-1951.886,0.451,9.5,1.016,25.18,73.7,778.1,0.995,25.3,74.0,2910,0.880,18.7,77,60.8,0.34,0.0,25.07,0.2
-1951.777,0.443,9.5,1.014,25.17,73.8,778.2,0.995,25.3,74.0,2909,0.877,18.5,77,59.1,0.36,0.0,24.86,-0.4
-1951.668,0.454,9.5,0.999,25.30,73.7,778.4,0.995,25.3,74.0,2905,0.891,18.5,77,60.8,0.36,0.0,27.00,-0.2
-1951.560,0.455,9.1,0.992,25.21,73.7,778.7,0.995,25.3,74.0,2909,0.897,18.2,77,59.3,0.37,0.0,26.49,-0.5
-1951.451,0.451,9.4,0.977,25.15,73.8,778.8,0.995,25.3,74.0,2912,0.880,18.3,77,58.1,0.38,0.0,26.10,-0.8
-1951.342,0.443,9.1,0.992,25.43,73.9,778.8,0.995,25.3,74.0,2909,0.873,18.8,77,58.9,0.39,0.0,24.29,-0.8
-1951.234,0.447,9.0,0.994,25.08,73.7,779.0,0.995,25.3,74.0,2904,0.872,18.7,77,58.1,0.40,0.0,22.89,-0.3
-1951.125,0.447,9.0,1.006,25.41,73.7,779.1,0.996,25.3,74.0,2905,0.870,18.9,77,59.0,0.41,0.0,24.65,0.6
-1951.017,0.445,8.5,0.998,25.31,73.7,779.3,0.995,25.3,74.0,2905,0.864,18.6,77,56.9,0.42,0.0,28.06,0.1
-1950.908,0.432,8.0,0.988,25.29,73.7,779.5,0.996,25.3,74.0,2903,0.835,19.3,77,55.7,0.43,0.0,24.17,0.0
-1950.799,0.413,7.5,0.981,25.39,73.6,779.6,0.996,25.3,74.0,2902,0.789,22.0,77,54.0,0.44,0.2,23.48,-2.0
-1950.691,0.389,8.0,0.995,25.39,73.7,779.6,0.997,25.3,74.0,2900,0.732,25.6,77,52.7,0.26,1.6,20.23,-1.6
-1950.582,0.376,7.9,1.006,25.34,73.6,779.7,0.997,25.4,74.0,2896,0.713,27.5,77,51.5,-0.05,1.6,22.19,-1.5
-1950.473,0.381,7.6,1.008,25.27,73.7,779.8,0.997,25.5,74.0,2893,0.735,26.9,77,52.3,-0.32,1.6,23.06,-0.3
-1950.365,0.386,7.8,0.985,25.14,73.8,779.9,0.996,25.6,74.0,2888,0.735,26.0,77,52.4,-0.55,1.6,22.52,-3.1
-1950.256,0.382,7.5,0.977,25.55,73.8,779.9,0.996,25.7,74.0,2887,0.722,26.3,77,51.6,-0.55,1.6,20.69,-2.8
-1950.147,0.374,7.5,0.970,25.69,73.8,779.9,0.997,25.8,74.0,2884,0.704,27.4,77,52.9,-0.55,1.6,20.30,-2.7
-1950.039,0.376,7.5,0.992,25.83,73.8,779.9,0.997,25.9,74.0,2881,0.717,27.2,77,50.8,-0.55,1.6,20.60,-1.8
-1949.930,0.388,7.5,1.012,26.26,73.8,779.9,0.997,26.0,74.0,2883,0.732,25.9,77,52.7,-0.55,1.6,20.52,-2.3
-1949.821,0.377,7.9,0.970,26.23,73.7,779.9,0.997,26.3,74.0,2875,0.706,27.1,77,53.9,-0.55,1.6,22.59,-4.2
-1949.713,0.361,7.6,0.992,26.52,73.7,779.9,0.997,26.4,74.0,2875,0.710,28.3,77,51.1,-0.55,1.6,19.97,-2.4
-1949.604,0.365,7.9,1.046,26.33,73.8,779.9,0.997,26.5,74.0,2877,0.728,27.8,77,51.9,-0.64,1.6,20.08,-0.5
-1949.496,0.381,8.0,0.991,26.58,73.7,779.9,0.997,26.7,74.0,2873,0.723,26.4,77,52.0,-1.05,1.6,21.64,-3.0
-1949.387,0.388,8.0,0.986,26.93,73.7,780.0,0.997,26.6,74.0,2871,0.742,24.8,77,52.0,-1.05,1.6,20.09,-1.9
-1949.278,0.386,8.0,0.986,27.08,73.7,780.0,0.997,26.9,74.0,2871,0.740,24.9,77,52.1,-1.05,1.6,20.50,-2.9
-1949.170,0.395,8.0,0.973,27.04,73.8,779.9,0.997,27.3,74.0,2867,0.748,23.7,77,52.9,-1.05,1.6,20.77,-3.1
-1949.061,0.389,8.0,0.984,27.28,73.8,779.9,0.997,27.6,74.0,2868,0.726,24.0,77,52.2,-1.05,1.6,20.34,-3.1
-1948.952,0.380,8.0,0.992,27.66,73.7,779.8,0.997,27.8,74.0,2865,0.720,25.5,77,53.3,-1.05,1.6,21.90,-3.0
-1948.844,0.380,8.0,1.000,27.93,73.7,779.8,0.997,28.0,74.0,2866,0.736,25.6,77,53.6,-1.05,1.6,21.48,-2.3
-1948.735,0.380,7.9,0.992,28.53,73.7,779.8,0.997,28.3,74.0,2865,0.707,26.5,77,53.0,-1.05,1.6,19.48,-2.4
-1948.626,0.380,7.5,0.999,28.77,73.7,779.8,0.997,28.5,74.0,2870,0.718,26.0,77,52.7,-1.05,1.6,19.40,-2.8
-1948.518,0.376,7.6,1.012,28.83,73.8,779.8,0.997,28.6,74.0,2862,0.727,26.5,77,52.3,-1.05,1.6,18.51,-0.3
-1948.409,0.372,8.0,0.996,28.92,73.6,779.8,0.997,28.7,74.0,2864,0.699,28.4,77,53.0,-1.33,1.6,18.35,-3.0
-1948.300,0.382,7.9,1.003,28.98,73.7,779.8,0.997,28.8,74.0,2870,0.736,25.7,77,53.4,-1.55,1.6,21.24,-2.2
-1948.192,0.396,7.5,0.992,29.09,71.8,779.8,0.997,29.1,66.0,2865,0.768,23.5,77,53.5,-1.55,1.6,21.20,-2.1
-1948.083,0.406,7.5,0.966,29.50,64.9,779.8,0.996,29.7,54.0,2867,0.770,23.4,77,52.1,-1.55,1.6,21.68,-3.7
-1947.975,0.408,7.7,0.972,29.78,54.0,779.6,0.996,29.9,45.4,2863,0.780,23.1,77,50.5,-1.55,1.6,20.14,-3.3
-1947.866,0.403,7.8,0.971,29.92,45.8,779.5,0.997,30.3,41.0,2861,0.749,23.6,77,49.4,-1.55,1.6,19.45,-4.1
-1947.757,0.398,7.5,0.969,30.12,39.8,779.4,0.997,30.7,38.2,2866,0.726,24.2,77,49.6,-1.55,1.6,19.85,-4.4
-1947.649,0.391,7.5,0.981,30.95,37.5,779.3,0.997,31.2,36.4,2866,0.720,24.5,77,49.4,-1.55,1.6,20.77,-3.9
-1947.540,0.388,7.8,0.991,31.45,36.1,779.2,0.997,31.9,35.5,2866,0.715,24.7,77,49.7,-1.55,1.6,20.79,-3.9
-1947.431,0.371,8.0,0.969,32.20,35.7,779.2,0.997,31.6,35.9,2866,0.704,26.0,77,49.2,0.00,1.6,19.41,-4.8
-1947.323,0.382,8.3,1.006,31.90,37.0,779.1,0.997,30.9,37.4,2867,0.734,26.5,77,50.6,0.00,1.6,21.37,-3.6
-1947.214,0.400,8.5,1.022,31.57,38.2,779.0,0.996,30.8,38.1,2866,0.776,25.5,77,54.9,0.00,1.6,23.45,-3.3
-1947.105,0.411,8.5,0.993,31.05,38.3,779.0,0.996,30.7,38.2,2864,0.788,24.7,77,54.3,0.00,1.6,23.55,-3.4
-1946.997,0.420,8.9,1.015,30.90,38.7,779.0,0.996,30.6,39.1,2867,0.819,24.5,77,55.9,0.00,1.6,24.27,-2.0
-1946.888,0.424,9.0,1.005,30.59,40.0,779.0,0.996,30.2,41.8,2871,0.832,24.1,77,57.0,0.00,1.5,21.72,-2.8
-1946.779,0.439,9.4,0.985,30.35,42.4,779.0,0.995,29.9,47.4,2871,0.851,23.3,77,56.1,0.00,0.0,24.08,-1.9
-1946.671,0.437,9.5,0.992,29.81,48.5,778.9,0.996,29.3,57.3,2873,0.869,22.6,77,58.0,0.00,0.0,24.32,-0.9
-1946.562,0.451,9.5,0.995,29.47,57.2,778.9,0.995,28.9,64.0,2876,0.879,20.6,77,58.6,-0.19,0.0,25.40,-0.8
-1946.454,0.450,9.6,1.006,28.95,66.2,778.9,0.995,28.2,71.6,2873,0.873,19.0,77,61.2,-0.71,0.0,29.25,-0.7
-1946.345,0.451,10.0,1.016,28.26,70.9,778.9,0.995,27.6,74.0,2878,0.900,17.0,77,61.7,-0.99,0.0,28.27,0.7
-1946.236,0.462,10.0,1.003,27.62,73.7,778.9,0.993,27.0,74.0,2877,0.926,15.9,75,61.7,-0.99,0.0,27.93,0.0
-1946.128,0.471,10.0,0.982,26.94,73.6,778.9,0.993,26.5,74.0,2881,0.943,15.5,75,62.0,-0.99,0.0,27.82,-0.2
-1946.019,0.479,10.0,0.977,26.06,73.9,778.9,0.993,26.0,74.0,2884,0.936,15.5,75,61.0,-0.99,0.0,26.75,-0.8
-1945.910,0.475,10.0,0.977,25.62,73.7,778.9,0.994,25.8,74.0,2883,0.934,15.4,75,61.0,-0.99,0.0,26.37,-1.1
-1945.802,0.473,10.0,0.987,25.25,73.6,778.8,0.995,25.6,74.0,2885,0.921,15.2,75,61.0,-0.99,0.0,24.79,-1.1
-1945.693,0.475,10.3,1.005,25.43,73.5,778.8,0.995,25.4,74.0,2891,0.932,15.8,75,61.0,-0.99,0.0,26.17,0.0
-1945.584,0.495,10.5,0.995,24.88,73.8,778.8,0.994,25.3,74.0,2892,0.952,15.1,75,61.7,-0.99,0.0,27.67,-0.4
-1945.476,0.502,10.5,0.980,25.05,73.8,778.9,0.994,25.3,74.0,2893,0.972,14.3,75,62.6,-0.99,0.0,28.66,-1.1
-1945.367,0.496,10.5,0.969,24.86,73.8,778.9,0.994,25.3,74.0,2897,0.957,14.4,75,65.2,-0.99,0.0,28.12,-1.6
-1945.258,0.494,10.5,0.977,25.47,73.6,778.9,0.994,25.3,74.0,2901,0.952,14.7,75,64.2,-0.99,0.0,28.46,-1.6
-1945.150,0.490,10.5,0.993,25.36,73.7,778.9,0.995,25.3,74.0,2901,0.948,15.2,75,66.0,-0.99,0.0,27.33,-1.6
-1945.041,0.487,10.1,1.000,25.29,73.8,778.9,0.995,25.3,74.0,2903,0.954,15.1,75,64.0,-0.99,0.0,27.88,-1.0
-1944.933,0.495,10.0,0.998,25.32,73.7,779.0,0.994,25.3,74.0,2905,0.960,15.0,75,62.9,-0.99,0.0,27.95,-0.8
-1944.824,0.501,10.0,0.987,25.38,73.8,779.2,0.994,25.3,74.0,2909,0.966,15.0,75,62.4,-0.99,0.0,27.23,-0.8
-1944.715,0.496,10.5,0.974,25.38,73.6,779.3,0.994,25.3,74.0,2915,0.955,15.4,75,64.1,-0.99,0.0,28.01,-1.5
-1944.607,0.488,10.0,0.978,25.37,73.7,779.3,0.995,25.3,74.0,2914,0.939,15.0,75,64.7,-0.99,0.0,27.60,-2.3
-1944.498,0.484,10.1,0.996,25.23,73.8,779.3,0.995,25.3,74.0,2923,0.944,15.5,75,63.0,-0.99,0.0,27.21,-0.8
-1944.389,0.488,10.4,0.996,25.23,73.8,779.5,0.994,25.2,74.0,2923,0.959,15.0,75,63.0,-0.99,0.0,28.67,-0.8
-1944.281,0.487,10.1,0.996,25.39,73.7,779.6,0.994,25.2,74.0,2921,0.944,15.0,75,63.0,-0.99,0.0,27.95,-1.5
-1944.172,0.482,10.3,1.000,25.71,73.7,779.7,0.994,25.2,74.0,2928,0.944,15.5,75,63.0,-0.99,0.0,28.14,-0.8
-1944.063,0.490,10.0,1.000,24.97,73.8,779.9,0.994,25.2,74.0,2922,0.947,15.5,75,63.6,-0.99,0.0,27.47,-0.8
-1943.955,0.489,10.0,1.000,25.24,73.5,780.0,0.994,25.2,74.0,2928,0.954,15.7,75,63.3,-0.99,0.0,28.49,-0.8
-1943.846,0.484,10.0,0.988,25.43,73.6,780.2,0.994,25.2,74.0,2931,0.938,16.2,75,63.0,-0.99,0.0,28.95,-0.8
-1943.737,0.476,10.0,0.999,25.12,73.7,780.3,0.994,25.2,74.0,2932,0.939,16.3,75,62.3,-0.99,0.0,28.74,-0.0
-1943.629,0.475,10.0,0.993,25.06,73.7,780.4,0.994,25.2,74.0,2934,0.931,16.0,75,62.0,-0.99,0.0,27.82,0.3
-1943.520,0.481,9.6,1.008,25.07,73.7,780.6,0.993,25.2,74.0,2938,0.940,16.3,75,61.2,-0.99,0.0,26.73,0.5
-1943.412,0.468,9.5,0.992,25.16,73.7,780.8,0.993,25.2,74.0,2938,0.919,16.8,75,60.1,-0.99,0.0,24.25,-0.3
-1943.303,0.467,9.1,0.989,25.23,73.7,780.9,0.993,25.2,74.0,2938,0.901,17.4,75,60.0,-0.99,0.0,24.43,-0.2
-1943.194,0.447,9.0,1.013,24.97,73.7,781.0,0.993,25.1,74.0,2939,0.894,17.5,75,61.0,-0.99,0.0,23.02,0.6
-1943.086,0.447,9.5,0.992,24.85,73.8,781.2,0.994,25.1,74.0,2946,0.893,17.9,75,57.1,-0.99,0.0,25.28,0.1
-1942.977,0.445,9.1,0.989,25.16,73.7,781.3,0.993,25.1,74.0,2945,0.890,18.0,75,58.8,-0.99,0.0,25.30,0.8
-1942.868,0.444,9.5,0.990,25.28,73.6,781.4,0.994,25.1,74.0,2944,0.867,18.0,75,58.0,-0.99,0.0,25.42,0.0
-1942.760,0.453,8.9,1.003,25.29,73.7,781.5,0.993,25.1,74.0,2953,0.912,17.5,75,57.8,-1.20,0.0,26.62,1.6
-1942.651,0.436,8.0,0.991,25.27,73.7,781.6,0.994,25.1,74.0,2944,0.850,18.2,75,56.1,-1.48,0.0,21.81,0.0
-1942.542,0.405,8.0,0.982,25.10,73.7,781.7,0.994,25.1,74.0,2946,0.771,21.1,75,53.7,-1.48,0.6,20.90,-0.1
-1942.434,0.386,8.0,1.003,24.92,73.8,781.7,0.995,25.2,74.0,2946,0.725,23.5,75,52.5,-1.48,1.6,20.75,-0.7
-1942.325,0.388,7.9,1.005,24.95,73.9,781.8,0.995,25.2,74.0,2946,0.740,23.5,75,51.0,-1.48,1.6,24.48,0.8
-1942.216,0.385,7.5,0.990,25.26,73.7,782.0,0.996,25.5,74.0,2945,0.732,23.5,75,51.0,-1.48,1.6,25.27,-1.3
-1942.108,0.367,7.0,0.974,25.62,73.7,782.0,0.996,26.3,74.0,2940,0.693,24.3,75,50.7,-1.48,1.6,18.72,-2.2
-1941.999,0.342,7.0,1.003,26.33,73.7,782.0,0.996,26.9,74.0,2943,0.713,25.0,75,48.8,-0.84,1.6,17.09,-0.0
-1941.891,0.335,6.5,1.005,27.29,73.7,782.1,0.996,27.6,65.7,2933,0.727,27.0,75,47.4,0.00,1.6,18.18,-0.0
-1941.782,0.344,6.5,0.954,28.27,63.5,782.1,0.996,28.4,48.5,2939,0.697,26.4,75,45.7,0.00,1.6,19.95,-4.7
-1941.673,0.350,6.5,0.951,28.97,48.1,781.9,0.996,29.1,40.1,2931,0.681,25.0,75,44.7,0.00,1.6,17.67,-4.5
-1941.565,0.332,6.5,1.000,29.38,39.5,781.8,0.996,30.3,36.0,2930,0.694,25.5,75,43.4,0.00,1.6,17.62,-0.7
-1941.456,0.320,6.5,1.005,30.66,33.3,781.8,0.996,31.4,31.0,2926,0.703,26.5,75,42.3,0.00,1.6,17.57,-0.6
-1941.347,0.315,6.5,0.967,32.16,26.7,781.8,0.995,32.3,25.4,2927,0.657,27.0,75,43.3,0.00,1.6,15.64,-5.4
-1941.239,0.310,6.5,0.967,33.36,22.5,781.8,0.995,33.2,22.1,2922,0.661,27.9,75,44.5,0.00,1.6,17.58,-4.7
-1941.130,0.310,6.5,1.000,34.03,21.4,781.7,0.995,33.5,21.2,2916,0.678,28.5,75,46.0,0.00,1.6,19.41,-1.0
-1941.021,0.313,6.5,0.986,34.16,21.4,781.7,0.995,33.5,21.0,2917,0.658,28.5,75,46.6,0.00,1.6,18.33,-3.2
-1940.913,0.318,6.5,0.982,34.00,20.9,781.6,0.995,33.8,20.2,2907,0.669,28.5,75,48.0,0.00,1.6,17.71,-3.8
-1940.804,0.313,6.4,0.996,34.22,19.2,781.6,0.995,35.1,17.0,2901,0.665,29.0,75,48.3,0.00,1.6,17.06,-2.4
-1940.695,0.295,5.8,1.000,35.89,15.1,781.6,0.995,38.8,12.2,2896,0.635,31.0,75,48.1,0.00,1.6,15.62,-3.6
-1940.587,0.270,5.0,1.033,40.59,10.0,781.6,0.994,41.3,9.6,2893,0.624,32.6,75,46.7,0.00,1.6,14.22,0.3
-1940.478,0.257,5.0,1.055,42.81,10.1,781.6,0.993,41.6,9.9,2892,0.646,34.6,75,47.0,0.00,1.6,13.85,1.9
-1940.370,0.255,5.0,1.010,42.72,9.6,781.6,0.993,41.6,9.7,2886,0.628,35.0,75,46.0,0.00,1.6,12.60,-0.8
-1940.261,0.255,5.0,0.968,42.23,10.1,781.6,0.993,41.0,10.4,2881,0.596,35.0,75,45.4,0.00,1.6,12.84,-4.4
-1940.152,0.255,5.0,0.968,41.82,10.2,781.5,0.993,41.3,9.9,2879,0.591,35.0,75,45.7,0.00,1.6,13.57,-3.2
-1940.044,0.252,5.0,0.984,41.99,9.8,781.3,0.993,41.8,9.2,2872,0.605,35.2,75,45.2,0.00,1.6,13.78,-1.9
-1939.935,0.254,5.0,0.984,41.95,9.4,781.2,0.993,41.9,9.1,2864,0.600,35.5,75,46.5,0.00,1.6,14.57,-2.0
-1939.826,0.255,5.0,0.984,41.96,9.3,781.1,0.994,41.9,9.0,2860,0.593,36.0,75,45.3,0.00,1.6,14.64,-2.3
-1939.718,0.248,5.0,0.977,41.90,9.2,781.1,0.993,41.9,9.0,2850,0.580,36.5,75,45.8,0.00,1.6,13.18,-2.8
-1939.609,0.247,5.0,0.987,42.33,9.0,780.9,0.993,42.0,8.7,2849,0.588,36.5,75,45.1,0.00,1.6,12.48,-2.1
-1939.500,0.251,5.0,1.023,42.51,8.9,780.8,0.993,42.0,8.8,2844,0.608,36.8,75,46.6,0.00,1.6,12.29,-0.1
-1939.392,0.251,5.0,0.990,42.17,9.2,780.8,0.993,41.5,9.7,2836,0.604,36.7,75,45.2,0.00,1.6,13.36,-1.8
-1939.283,0.251,5.0,0.961,41.94,9.6,780.7,0.993,41.4,9.8,2831,0.587,36.5,75,44.0,0.00,1.6,14.79,-4.3
-1939.174,0.259,5.0,0.965,41.70,9.8,780.5,0.994,41.6,9.5,2825,0.595,36.5,75,46.0,0.00,1.6,14.18,-4.0
-1939.066,0.260,5.0,0.977,41.57,9.2,780.3,0.994,42.0,9.1,2818,0.600,37.0,75,46.2,0.00,1.6,14.32,-3.1
-1938.957,0.263,5.0,0.973,42.22,9.0,780.1,0.994,42.3,8.5,2818,0.593,36.5,75,47.0,0.00,1.6,12.59,-3.9
-1938.849,0.259,5.0,0.973,42.17,8.9,779.8,0.994,42.3,8.4,2810,0.592,37.1,75,46.6,0.00,1.6,12.49,-4.1
-1938.740,0.253,5.0,0.977,42.41,8.4,779.6,0.994,42.4,8.3,2805,0.583,37.7,75,46.4,0.00,1.6,13.20,-4.5
-1938.631,0.253,5.2,0.982,42.65,8.6,779.4,0.994,41.7,9.6,2803,0.580,38.3,75,46.5,0.00,1.6,12.77,-3.7
-1938.523,0.267,6.2,0.996,41.28,12.5,779.3,0.994,37.1,18.4,2797,0.638,36.6,75,46.6,0.00,1.6,13.93,-2.8
-1938.414,0.300,7.3,0.976,38.21,20.7,779.1,0.995,34.6,29.3,2798,0.666,33.2,75,47.6,0.00,1.6,16.48,-4.3
-1938.305,0.337,7.8,0.962,35.49,28.3,778.9,0.995,34.3,31.2,2795,0.676,30.3,75,49.4,0.00,1.6,19.85,-6.3
-1938.197,0.369,8.7,1.001,33.46,33.8,778.6,0.995,32.9,36.2,2792,0.720,28.4,75,50.8,-0.03,1.6,20.64,-3.6
-1938.088,0.415,9.0,1.028,32.30,38.7,778.3,0.995,31.6,41.1,2802,0.799,25.8,75,53.6,-0.55,1.6,24.21,-3.3
-1937.979,0.442,9.0,0.970,31.29,42.3,778.1,0.995,31.2,42.9,2803,0.844,22.4,75,55.8,-1.00,1.6,25.63,-3.9
-1937.871,0.455,9.4,0.987,30.49,43.3,777.9,0.995,31.4,43.1,2802,0.861,21.0,75,56.9,-1.00,0.0,24.41,-2.2
-1937.762,0.459,9.5,1.014,30.38,43.4,777.6,0.995,31.2,43.0,2805,0.882,20.7,75,59.9,-1.00,0.0,24.89,-1.0
-1937.653,0.455,9.5,1.008,30.63,44.7,777.5,0.995,30.9,48.3,2809,0.888,20.9,75,59.0,-1.00,0.0,23.36,-1.4
-1937.545,0.455,9.5,1.006,30.46,53.1,777.3,0.995,29.8,63.4,2820,0.893,19.3,75,59.0,-1.00,0.0,24.19,-1.0
-1937.436,0.459,9.9,1.004,29.78,65.2,777.2,0.995,28.6,74.0,2821,0.891,16.8,75,59.9,-1.00,0.0,25.06,-0.8
-1937.328,0.468,10.0,1.018,28.72,71.7,777.1,0.995,27.9,74.0,2825,0.920,15.6,75,62.1,-1.00,0.0,27.83,0.5
-1937.219,0.480,10.0,0.995,27.95,73.5,776.9,0.994,27.3,74.0,2830,0.936,15.1,75,64.8,-1.00,0.0,28.35,-1.3
-1937.110,0.485,10.0,0.987,26.89,73.6,776.8,0.993,26.6,74.0,2833,0.949,15.0,75,63.7,-1.00,0.0,28.12,-0.8
-1937.002,0.480,9.5,0.992,26.08,73.5,776.7,0.994,26.3,74.0,2837,0.923,14.5,75,62.5,-1.00,0.0,26.69,-0.7
-1936.893,0.477,9.5,1.005,25.60,73.8,776.6,0.995,26.1,74.0,2845,0.928,15.0,75,63.3,-1.00,0.0,26.03,0.1
-1936.784,0.465,9.5,1.011,25.48,73.6,776.5,0.994,26.0,74.0,2849,0.919,15.6,75,62.0,-1.00,0.0,26.71,0.8
-1936.676,0.459,9.5,1.008,25.77,73.6,776.5,0.994,25.8,74.0,2850,0.900,16.0,75,61.0,-0.99,0.0,27.50,1.0
-1936.567,0.454,9.5,1.014,25.24,73.8,776.5,0.994,25.6,74.0,2852,0.916,16.0,75,60.0,-0.94,0.0,25.98,1.6
-1936.458,0.456,9.3,1.010,25.64,73.6,776.5,0.993,25.6,74.0,2859,0.902,16.0,75,61.1,-0.88,0.0,24.40,1.8
-1936.350,0.456,9.0,1.008,25.16,73.8,776.5,0.992,25.5,74.0,2863,0.921,16.2,75,61.4,-0.83,0.0,24.36,2.1
-1936.241,0.452,9.0,0.977,25.49,73.8,776.5,0.991,25.4,74.0,2862,0.898,16.5,75,61.0,-0.77,0.0,26.66,1.0
-1936.132,0.448,9.0,0.982,24.94,73.7,776.4,0.991,25.4,74.0,2871,0.902,16.5,75,58.9,-0.72,0.0,28.12,0.7
-1936.024,0.450,9.0,0.991,25.01,73.7,776.3,0.991,25.4,74.0,2874,0.894,16.7,75,58.7,-0.66,0.0,25.95,1.2
-1935.915,0.451,8.7,0.992,25.18,73.8,776.2,0.993,25.4,74.0,2879,0.882,17.2,75,58.3,-0.61,0.0,23.00,0.8
-1935.807,0.434,8.1,0.985,25.12,74.0,776.2,0.994,25.6,74.0,2882,0.848,18.6,75,57.2,-0.55,0.0,22.94,0.3
-1935.698,0.406,7.2,1.001,25.81,73.7,776.2,0.996,26.7,74.0,2886,0.773,23.1,75,56.1,-0.50,1.6,20.23,0.0
-1935.589,0.364,7.0,1.019,26.64,73.9,776.2,0.996,27.0,74.0,2885,0.736,27.1,75,51.1,-0.44,1.6,20.02,0.6
-1935.481,0.349,7.5,1.026,26.93,73.8,776.2,0.997,27.1,74.0,2884,0.742,28.4,75,51.8,-0.39,1.6,18.43,2.1
-1935.372,0.351,7.0,0.973,27.24,73.8,776.2,0.996,27.5,74.0,2889,0.719,28.5,75,49.0,-0.33,1.6,20.14,-2.0
-1935.263,0.361,7.0,0.961,27.70,73.8,776.1,0.996,27.9,74.0,2886,0.718,28.1,75,49.1,-0.27,1.6,20.12,-1.6
-1935.155,0.363,7.0,0.961,28.33,73.1,776.0,0.996,28.4,67.8,2887,0.692,28.0,75,49.5,-0.22,1.6,17.14,-2.3
-1935.046,0.361,7.0,0.972,28.94,66.0,775.9,0.996,29.1,55.1,2890,0.695,27.0,75,47.7,-0.17,1.6,15.46,-2.3
-1934.937,0.362,7.0,0.992,29.54,54.4,775.7,0.996,29.6,44.3,2891,0.726,26.5,75,46.7,-0.11,1.6,18.47,-1.6
-1934.829,0.360,7.0,0.987,29.80,44.0,775.6,0.996,30.1,39.5,2889,0.712,26.0,75,45.7,-0.03,1.6,17.54,-1.8
-1934.720,0.346,7.0,0.977,30.28,37.5,775.6,0.996,30.9,36.6,2895,0.697,26.6,75,45.5,0.00,1.6,19.41,-2.9
-1934.611,0.343,7.0,0.987,31.06,35.6,775.5,0.996,31.6,34.3,2889,0.707,27.0,75,45.5,0.00,1.6,18.82,-2.3
-1934.503,0.341,7.0,0.964,32.27,32.2,775.4,0.995,32.4,30.3,2889,0.687,27.2,75,46.0,0.00,1.6,17.38,-3.3
-1934.394,0.340,7.0,0.969,33.05,27.9,775.2,0.995,33.0,26.1,2891,0.674,27.9,75,47.0,0.00,1.6,19.93,-4.5
-1934.286,0.341,7.0,1.002,33.19,25.0,775.1,0.995,33.3,25.1,2896,0.722,27.6,75,47.5,0.00,1.6,20.03,-2.1
-1934.177,0.341,7.0,0.954,33.62,25.3,775.0,0.995,33.2,25.6,2887,0.674,28.0,75,48.5,0.00,1.6,17.77,-4.3
-1934.068,0.341,7.0,0.980,33.33,26.2,774.9,0.995,32.7,27.1,2894,0.693,27.8,75,49.6,0.00,1.6,17.73,-3.7
-1933.960,0.341,7.0,1.027,33.30,26.3,774.8,0.995,33.1,26.4,2894,0.703,27.7,75,49.3,0.00,1.6,18.54,-2.0
-1933.851,0.348,7.0,0.970,33.17,26.2,774.7,0.995,32.8,26.8,2892,0.688,27.7,75,48.2,0.00,1.6,17.84,-4.5
-1933.742,0.352,7.0,0.991,33.03,26.4,774.7,0.995,32.9,26.7,2895,0.695,27.5,75,49.6,0.00,1.6,17.87,-3.6
-1933.634,0.353,7.0,1.006,32.90,26.4,774.6,0.995,32.9,26.3,2896,0.693,27.5,75,49.2,0.00,1.6,18.68,-3.3
-1933.525,0.345,7.4,0.973,32.96,27.0,774.5,0.995,32.7,27.2,2894,0.696,27.5,75,49.9,0.00,1.6,16.59,-4.4
-1933.416,0.345,7.1,1.008,32.84,27.4,774.5,0.995,32.7,26.9,2892,0.716,27.5,75,50.9,0.00,1.6,18.99,-1.6
-1933.308,0.345,7.4,1.000,32.96,28.0,774.4,0.995,33.5,26.8,2818,0.709,28.9,75,49.3,0.00,1.6,17.51,-2.0
-1933.199,0.352,7.5,0.969,34.10,28.0,774.3,0.995,39.3,25.4,2539,0.700,31.0,75,51.7,0.00,1.6,17.64,-4.2
-1933.090,0.350,7.5,0.990,38.96,29.0,774.3,0.994,39.5,32.0,2170,0.719,33.3,75,56.1,0.00,1.6,16.39,-3.5
-1932.982,0.365,8.5,1.018,39.93,35.1,774.2,0.994,38.1,39.6,2083,0.816,30.8,75,60.5,0.01,1.6,16.62,0.6
-1932.873,0.408,8.0,1.004,38.68,41.5,774.2,0.992,36.7,53.3,2076,0.840,19.7,75,63.5,0.02,1.6,18.32,-3.2
-1932.765,0.424,8.1,0.973,37.07,57.0,774.2,0.991,34.4,68.5,2067,0.854,16.5,75,66.0,0.03,1.6,16.79,-3.9
-1932.656,0.416,8.6,0.962,34.68,68.4,774.2,0.992,30.3,74.0,2068,0.804,15.5,75,69.0,0.04,1.6,17.01,-4.7
-1932.547,0.429,9.0,0.970,30.03,72.3,774.0,0.992,25.8,74.0,2073,0.857,15.4,75,69.4,0.05,1.6,18.18,-4.1
-1932.439,0.461,9.0,0.993,25.56,73.5,773.9,0.991,24.5,74.0,2089,0.937,11.9,75,70.0,0.07,1.6,20.47,-1.7
-1932.330,0.477,9.0,1.005,23.24,73.7,773.9,0.992,24.5,74.0,2082,0.952,11.6,75,69.1,0.08,1.6,21.40,-2.3
-1932.221,0.470,9.0,1.008,22.56,73.8,774.0,0.992,24.5,74.0,2072,0.936,12.0,75,70.0,0.09,1.6,17.93,-2.3
-1932.113,0.467,8.8,1.008,22.91,73.8,774.1,0.992,24.5,74.0,2079,0.937,12.0,75,70.6,0.10,1.6,17.90,-2.1
-1932.004,0.459,8.3,1.018,23.24,73.9,774.3,0.992,24.5,74.0,2078,0.952,12.0,75,68.1,0.11,1.6,18.68,-1.4
-1931.895,0.443,8.0,1.003,24.00,73.9,774.3,0.991,24.5,74.0,2079,0.912,12.1,75,67.0,0.12,1.6,17.15,-1.0
-1931.787,0.430,8.0,1.003,24.46,73.8,774.4,0.991,24.5,74.0,2078,0.888,13.0,75,67.0,0.13,1.6,15.84,-1.3
-1931.678,0.427,8.0,1.014,24.14,73.8,774.4,0.992,24.5,74.0,2084,0.887,13.7,75,68.1,0.14,1.6,16.05,-0.5
-1931.569,0.422,8.0,1.009,24.24,73.8,774.5,0.993,24.6,74.0,2090,0.879,15.9,75,67.8,0.15,1.6,16.48,-0.3
-1931.461,0.426,8.0,1.001,24.32,73.9,774.5,0.992,24.6,74.0,2083,0.876,15.9,75,67.0,0.16,1.6,17.28,-0.8
-1931.352,0.430,8.0,0.993,24.77,73.8,774.5,0.992,24.6,74.0,2087,0.885,14.0,75,68.4,0.17,1.6,16.54,-0.8
-1931.244,0.428,8.0,0.979,24.92,73.7,774.6,0.992,24.6,74.0,2089,0.877,14.9,75,66.3,0.19,1.6,16.64,-1.2
-1931.135,0.430,8.0,0.983,24.75,73.7,774.5,0.992,24.6,74.0,2092,0.880,14.5,75,66.3,0.20,1.6,17.25,-1.2
-1931.026,0.431,8.0,0.990,24.63,73.6,774.5,0.992,24.6,74.0,2092,0.891,13.7,75,65.8,0.21,1.6,16.49,-0.8
-1930.918,0.429,8.0,0.992,24.50,73.7,774.5,0.992,24.6,74.0,2098,0.882,14.4,75,65.6,0.22,1.6,15.97,-0.8
-1930.809,0.427,8.0,0.992,24.26,73.7,774.5,0.992,24.6,74.0,2088,0.885,13.2,75,67.5,0.23,1.6,15.74,-0.8
-1930.700,0.430,8.3,0.999,24.37,73.7,774.5,0.992,24.6,74.0,2097,0.885,13.4,75,67.3,0.24,1.6,16.99,-0.8
-1930.592,0.425,8.5,1.014,24.38,73.7,774.5,0.992,24.6,74.0,2096,0.896,14.0,75,65.6,0.25,1.6,15.54,-0.0
-1930.483,0.427,8.5,1.000,24.85,73.8,774.6,0.992,24.6,74.0,2097,0.886,14.5,75,68.4,0.26,1.6,16.76,-0.2
-1930.374,0.424,8.5,0.993,24.67,73.7,774.6,0.992,24.6,74.0,2097,0.888,13.2,75,66.3,0.27,1.6,18.65,-0.2
-1930.266,0.428,8.5,1.013,24.59,73.7,774.6,0.992,24.6,74.0,2100,0.913,14.4,75,67.9,0.28,1.6,18.75,0.6
-1930.157,0.432,8.5,0.992,24.54,73.8,774.7,0.992,24.6,74.0,2092,0.906,13.4,75,67.0,0.29,1.6,17.31,0.2
-1930.048,0.443,8.5,0.993,24.59,73.9,774.7,0.991,24.6,74.0,2095,0.913,12.5,75,70.8,0.30,1.6,18.45,0.0
-1929.940,0.458,8.5,0.996,24.68,73.8,774.8,0.992,24.6,74.0,2097,0.937,12.5,75,70.0,0.32,1.6,18.32,0.0
-1929.831,0.447,8.5,0.971,24.92,73.7,774.8,0.992,24.6,74.0,2093,0.928,12.5,75,69.9,0.33,1.6,18.12,0.0
-1929.722,0.447,8.5,0.958,24.69,73.8,774.7,0.991,24.6,74.0,2098,0.914,12.5,75,69.1,0.34,1.6,18.22,-2.2
-1929.614,0.447,8.5,0.978,24.58,73.8,774.6,0.992,24.6,74.0,2098,0.931,12.5,75,70.0,0.35,1.6,18.33,-0.9
-1929.505,0.447,8.5,0.985,24.46,73.9,774.6,0.992,24.6,74.0,2091,0.936,12.5,75,70.0,0.36,1.6,17.55,-0.0
-1929.397,0.443,8.5,0.973,24.75,73.8,774.5,0.992,24.5,74.0,2095,0.905,12.5,75,69.4,0.37,1.6,16.44,-1.5
-1929.288,0.435,8.4,0.979,24.75,73.8,774.4,0.992,24.6,74.0,2094,0.897,12.5,75,68.3,0.38,1.6,18.06,-0.7
